,population density P,proportion A
1129,5.452747086,0.199493144
1045,33.82709077,0.173350635
1067,11.63420768,0.230966688
1121,41.69988576,0.183434978
1043,44.92166811,0.187702744
1111,14.51501953,0.207413141
1075,8.901988808,0.21743487
1127,31.32892919,0.196131244
1023,5.307013065,0.23079959
1133,14.37973624,0.218456704
1001,37.5471316,0.156931762
1019,16.06692968,0.234012734
1105,4.537093997,0.204158346
1123,20.80082198,0.222881212
1009,35.07858467,0.184677829
1029,10.35570448,0.198910806
1021,24.78947404,0.166692586
1049,35.50310873,0.171928453
1065,8.695571326,0.196172572
1085,5.492251243,0.194070342
1117,106.3364709,0.156923932
1063,4.520630262,0.238132195
1027,9.068682661,0.206714898
1095,60.46616554,0.167501614
1119,5.216951242,0.183408944
1039,13.88231305,0.215850704
1059,19.16711329,0.170061036
1003,53.22059311,0.208799317
1109,18.91851701,0.151536271
1115,54.03519165,0.17180872
1011,6.393905565,0.175096525
1097,126.2376121,0.164844543
1077,50.18172398,0.201481371
1093,15.23335662,0.209032038
1107,8.299018734,0.192420282
1083,65.84549425,0.151875634
1131,4.506698548,0.201075675
1051,51.66924938,0.156899295
1079,17.80804376,0.187095604
1025,7.111551109,0.204625179
1035,5.245984278,0.235664396
1069,71.10665224,0.179651499
1073,231.5167517,0.160433906
1005,10.76166999,0.195410044
1081,109.1668914,0.123646318
1089,184.3717654,0.15057168
1055,72.76085141,0.191803469
1101,110.4443542,0.154665607
1013,9.447524302,0.204872414
1103,79.53304168,0.174755315
1047,14.93108011,0.190831557
1113,35.27920059,0.147899699
1061,17.76296128,0.204741541
1099,7.371876404,0.20838602
1017,22.24503972,0.198895663
1033,35.43952997,0.199259156
1057,10.01107429,0.214014455
1087,12.28918335,0.19926256
1125,64.83357134,0.135955813
1031,30.30134247,0.169157672
1015,73.41357786,0.177652202
1091,7.588610008,0.200310479
1071,18.01013897,0.205081877
1007,13.73970218,0.169319761
1041,8.331926904,0.1938907
1053,14.88541219,0.186031332
1037,6.009346293,0.240412411
48075,3.607579314,0.166316737
48181,53.43689754,0.177013937
48249,17.26171813,0.156943409
48317,2.207191994,0.113211149
48377,0.613369259,0.232675689
48057,10.40814118,0.184282517
48091,108.3129506,0.18533311
48193,3.792387718,0.255565016
48219,9.150358354,0.151935753
48349,18.69348294,0.16331262
48367,62.84889592,0.156854675
48389,2.152854647,0.106762531
48407,16.83280412,0.217688068
48459,26.62820644,0.184207952
48475,5.370967469,0.130584192
48083,2.314290259,0.260960062
48121,367.5820809,0.107037694
48135,70.67408289,0.0962584
48353,6.223055041,0.186439528
48141,329.0155311,0.124853724
48281,11.69626533,0.200564058
48331,9.350069978,0.210409343
48469,39.61495711,0.164801472
48501,3.711882063,0.122303093
48005,38.54220974,0.163287037
48043,0.594424388,0.226191723
48055,32.37851847,0.15
48107,2.195894626,0.187170988
48147,15.31039626,0.180645523
48201,1030.23157,0.10960212
48265,18.31718566,0.282862087
48397,279.4278687,0.124077371
48423,94.85997522,0.16900944
48503,7.408783498,0.203380345
48257,69.43514309,0.113649033
48343,17.85921688,0.215383331
48357,4.212420542,0.121118323
48421,1.163588571,0.153182309
48063,23.66883816,0.190468549
48089,8.141183877,0.224292246
48221,54.39750742,0.250300334
48403,6.618906494,0.305881164
48449,28.32586085,0.14708236
48031,6.149037216,0.257846154
48099,30.32422311,0.106192454
48303,133.0986284,0.127938757
48359,0.452155256,0.152445961
48363,11.12713008,0.198606272
48493,23.73430618,0.163568026
48313,10.99327707,0.155623236
48497,28.70649634,0.151986712
48505,5.06024838,0.134370274
48189,12.49560874,0.1398266
48051,10.05330033,0.211018534
48117,4.787706838,0.130004305
48223,17.9108373,0.183659047
48321,10.11014877,0.173167099
48183,173.8395511,0.155403339
48301,0.035923718,0.063492063
48017,3.220455047,0.144864552
48123,8.39434239,0.197991826
48143,15.06318487,0.142773194
48387,4.230944669,0.253688843
48477,22.20856309,0.218870454
48479,30.49240647,0.097666531
48481,14.64897465,0.175891848
48061,161.2233115,0.138371099
48133,7.337214111,0.218416747
48399,3.612593774,0.208526975
48199,24.16761494,0.169556326
48253,8.091698423,0.152996845
48309,94.81288242,0.148387493
48347,25.42275692,0.151687653
48427,20.68519101,0.112149391
48007,31.67954067,0.279071719
48097,17.89578163,0.183969282
48177,7.08463346,0.172601485
48429,3.810151594,0.201912508
48093,5.532798309,0.235138317
48439,901.2225812,0.116019299
48035,7.016433588,0.250219394
48225,6.886131829,0.218194998
48241,13.11954565,0.200800534
48315,8.928653973,0.265343888
48395,7.464223592,0.202411508
48191,1.202113585,0.247602131
48217,14.04061571,0.204293281
48325,14.66319447,0.170515903
48467,26.72882881,0.202677057
48179,8.819941853,0.162372227
48231,43.73607178,0.156953768
48371,1.230451857,0.130938281
48113,1109.004662,0.110398659
48127,2.488244878,0.168117961
48159,13.55661039,0.217189763
48323,17.27650032,0.119169373
48361,86.19011051,0.157339936
48383,1.110275526,0.111669129
48419,11.10131885,0.176617537
48037,38.84153883,0.168258001
48053,18.54548604,0.22922222
48307,2.741654091,0.232996986
48335,3.785378327,0.140711902
48379,18.11436464,0.244918114
48401,21.46469488,0.169395767
48161,8.408947233,0.201502135
48187,93.18843606,0.142359201
48287,10.6331543,0.19058514
48369,4.305470706,0.148125633
48453,485.4801897,0.102479581
48495,3.575234198,0.116929791
48071,28.40139433,0.117542202
48103,2.293979142,0.122540633
48167,328.6666015,0.147640041
48251,94.59424417,0.140493756
48027,131.1446875,0.112648621
48085,464.5683202,0.110259389
48247,1.639975127,0.179937952
48351,5.015053891,0.227469919
48373,17.42472312,0.191680798
48409,37.5579057,0.152412951
48445,5.125046642,0.152987913
48029,616.8521481,0.123873995
48227,14.87905909,0.125164917
48293,9.156798481,0.206149262
48455,7.347607951,0.269813263
48489,12.33719334,0.148928784
48047,2.891938796,0.170504309
48245,100.3661443,0.147056186
48273,13.1778276,0.134559629
48025,13.59760751,0.124702093
48041,152.5720055,0.092692689
48237,3.553071281,0.167827216
48019,10.07956631,0.281767161
48021,41.86696553,0.150702545
48185,14.09679085,0.180176798
48415,7.200261551,0.149353334
48451,30.04764032,0.161648904
48285,8.083685528,0.234096942
48299,8.484617844,0.367234563
48213,33.41743822,0.220787126
48233,8.891509754,0.172852084
48355,156.2989146,0.151565088
48003,4.782601711,0.095281599
48077,3.533075108,0.234931507
48111,1.827117438,0.111750667
48163,6.250324775,0.118786033
48259,25.75938662,0.197664438
48283,1.721555731,0.155865587
48277,20.71523181,0.189732633
48425,18.5283941,0.193155894
48065,2.423526279,0.202103811
48115,5.329107529,0.144152821
48457,8.161115294,0.225931912
48015,17.72263408,0.201060832
48039,98.43036346,0.122071848
48215,211.8781175,0.113246982
48411,1.93944754,0.224842767
48507,2.863935086,0.147290029
48145,8.45880053,0.184582744
48209,136.959791,0.115615809
48289,5.610454287,0.242730801
48291,30.03626852,0.12220755
48339,222.2080184,0.131973052
48485,78.92294302,0.148058534
48239,6.745712034,0.193062041
48375,49.63011041,0.135780699
48165,5.546231612,0.088577117
48381,58.8944161,0.153593123
48441,60.11379292,0.14575812
48461,1.027805238,0.148517846
48473,42.26366918,0.113020035
48487,5.086805248,0.184435133
48499,24.87707599,0.272581328
48255,7.52384626,0.143401102
48267,1.319973491,0.3019617
48157,358.4469608,0.116490459
48171,9.707976469,0.300306817
48329,72.71335772,0.10335557
48463,6.078151463,0.168260427
48001,20.7297132,0.150118265
48049,15.35741329,0.20481991
48059,5.867743745,0.212769062
48067,11.43167894,0.225042182
48391,3.310765894,0.21886121
48491,207.5428306,0.126217147
48013,15.45955628,0.149212896
48131,2.110178329,0.177535863
48139,78.01448992,0.129252514
48149,9.817296782,0.260508329
48169,2.504767523,0.10727179
48197,1.965417718,0.224069899
48203,29.00269544,0.169964551
48279,4.949537303,0.169514905
48341,9.06744372,0.112931922
48471,36.76901324,0.132149308
48465,5.676586184,0.139287591
48109,0.221281478,0.203017833
48365,10.56585877,0.19905761
48437,2.987481094,0.175702811
48073,18.31193553,0.177275703
48207,2.294569307,0.226491779
48297,4.049849573,0.200476485
48337,8.212094465,0.221415335
48205,1.418630403,0.155162791
48435,0.894962367,0.192410317
48129,1.349376071,0.252683226
48305,2.416264092,0.165742893
48069,3.165612802,0.171843212
48311,0.199664494,0.25375626
48405,5.157969716,0.263543377
48009,3.566946568,0.202805377
48175,3.148469493,0.236459521
48105,0.425186148,0.187984496
48081,1.365532422,0.272754947
48119,7.261859177,0.211814185
48153,2.098985933,0.196590699
48483,2.104486717,0.199077787
48385,1.519738308,0.312794491
55007,4.153592852,0.29174889
55043,16.97611425,0.175923609
55131,121.4398994,0.183930739
55097,33.09277231,0.172457404
55033,20.34563251,0.157490369
55079,1499.986068,0.138961181
55141,35.47661732,0.209418581
55109,49.23240086,0.147996878
55035,63.40912528,0.163092524
55001,11.61908921,0.301641885
55081,19.70829053,0.17274692
55025,175.4913788,0.141100394
55029,23.65301497,0.303109928
55065,10.12201163,0.189272169
55113,5.178238159,0.268964754
55137,14.88209717,0.249429131
55073,33.88125585,0.179451698
55101,224.6540274,0.170369434
55133,271.1285736,0.191603907
55027,38.11798384,0.178893438
55059,235.2398768,0.145864617
55087,114.4724029,0.153788876
55105,87.18724975,0.168727473
55057,12.83692548,0.20826471
55123,14.5509666,0.199732995
55103,11.36299953,0.236799538
55125,8.76498725,0.305736353
55067,8.497287639,0.244061362
55099,4.254275614,0.269167794
55041,3.394900441,0.243054799
55119,7.823615184,0.194745831
55019,11.00597151,0.166700326
55023,10.40169687,0.240660295
55039,52.61330191,0.187211982
55063,97.33551387,0.167785791
55117,88.2203115,0.183619696
55005,20.32362852,0.223494414
55031,12.77138537,0.193565865
55047,19.35010904,0.22570467
55075,11.34136818,0.240196781
55077,12.98717864,0.253158874
55021,28.42999904,0.184811598
55049,11.94421773,0.191845512
55055,57.18308739,0.173570409
55051,2.956615546,0.315446094
55053,8.176754549,0.193642986
55089,150.6473513,0.203488181
55135,26.20062862,0.204929265
55085,11.84326611,0.267004915
55121,16.04261814,0.180704093
55111,29.95836898,0.188303987
55003,5.889401209,0.203292592
55069,12.12762619,0.224099099
55115,17.38971033,0.2136932
55127,70.59023611,0.183586586
55015,51.10161179,0.157540515
55045,24.53486159,0.192676877
55093,27.56202044,0.1534379
55095,18.20378349,0.213374239
55061,23.13478161,0.207020615
55071,52.87204639,0.21109882
55011,7.251676098,0.22419367
55017,24.63511798,0.185218703
55107,5.898497253,0.250246722
55009,194.3881067,0.152336831
55013,7.264539971,0.297022513
55083,14.84489815,0.210034646
55139,114.8523742,0.163938626
55129,7.539616802,0.272694459
55091,11.38717403,0.224453552
55037,3.548067781,0.275657895
37031,46.23849534,0.255182094
37119,788.4688527,0.112677874
37009,23.90694763,0.264201339
37011,27.77926351,0.222740034
37017,12.88036099,0.225801006
37025,239.5515878,0.131085827
37061,22.92220536,0.194875059
37127,67.56545335,0.186159403
37175,33.46913536,0.304905409
37081,317.8304242,0.151425188
37143,19.94732566,0.275753383
37183,508.8180586,0.119089531
37033,20.49277739,0.222231998
37187,11.33659904,0.263540531
37195,81.53802662,0.185698511
37199,22.77960657,0.259337447
37093,51.33786939,0.107673695
37113,27.51301968,0.279397066
37129,397.337436,0.182351456
37171,51.37864582,0.204730478
37089,119.7852317,0.253598143
37111,38.65265692,0.20707909
37123,19.83041294,0.213392857
37063,421.2676195,0.13445448
37003,53.38176954,0.199539019
37051,196.242744,0.12397941
37055,34.92759692,0.226505567
37065,37.25041989,0.203116692
37071,242.0530821,0.161154324
37079,29.55582409,0.167644471
37101,104.8203466,0.133429632
37157,61.43130458,0.206390499
37135,143.2190217,0.146035759
37067,358.3140299,0.161155675
37115,18.12448988,0.226075878
37181,61.18901563,0.187530832
37045,82.04603139,0.186132267
37047,20.46511117,0.20233463
37155,47.36546853,0.156109995
37153,34.55016784,0.178401788
37057,114.9028158,0.182262161
37053,37.68288387,0.167520638
37105,94.26725904,0.165976612
37169,37.70071127,0.219274998
37087,43.23552996,0.248373277
37151,70.46340459,0.177041492
37161,43.8691091,0.216879248
37167,59.6206948,0.187600992
37179,143.8351722,0.128352796
37013,20.03021884,0.245168947
37131,12.25153086,0.278264354
37147,100.2783417,0.138232634
37149,31.30476448,0.318851823
37185,16.19589634,0.259616932
37189,66.66375175,0.158089391
37015,9.767353196,0.233578677
37019,59.3283706,0.325395954
37109,109.9480317,0.183383432
37021,157.6335651,0.202255865
37163,24.04874144,0.178025812
37173,10.09225938,0.196784019
37107,53.02627488,0.208025688
37121,25.92429025,0.254245251
37035,149.0631608,0.180657173
37069,53.57860815,0.168024366
37117,18.62804994,0.241920842
37133,98.56170968,0.09406773
37039,23.79800672,0.303521151
37041,29.93014965,0.253447144
37141,26.34249886,0.181780428
37097,120.6740601,0.161314514
37085,85.75860546,0.13068705
37197,42.55627445,0.202144239
37007,15.85558782,0.197923279
37043,19.39157615,0.315138939
37059,61.87878682,0.213553371
37137,12.98272003,0.298859006
37139,67.69951117,0.176793946
37145,37.34197221,0.197835653
37165,41.15837677,0.18085262
37193,33.68706812,0.219923302
37027,65.64671755,0.203202856
37091,23.20530981,0.198673039
37077,43.83018338,0.169565431
37191,81.2207141,0.165162247
37049,53.23782247,0.198725204
37159,108.2401405,0.173354484
37001,152.4617447,0.166013324
37023,65.74492814,0.205971377
37103,7.476783327,0.237737083
37005,17.78559767,0.270697418
37125,54.56949153,0.237605895
37083,25.71602633,0.212339332
37099,33.63646794,0.194975411
37037,41.54631901,0.243482822
37075,10.28130694,0.24040857
37073,11.7072717,0.213972132
37029,16.42895554,0.163560877
12053,151.0535095,0.26887326
12107,34.19281806,0.232095364
12115,276.2774692,0.371240294
12003,18.51159778,0.138347195
12019,130.8138452,0.16437264
12069,128.0067759,0.266200822
12099,258.3217235,0.240990645
12101,282.5732705,0.221766422
12007,36.31497422,0.178255954
12113,63.1400602,0.160059362
12111,207.481688,0.243276655
12089,52.02234759,0.227164566
12109,156.5706739,0.206117284
12095,549.3572391,0.122308568
12121,24.22020649,0.212573611
12125,24.92053197,0.152635817
12005,76.5613879,0.181464317
12081,193.6687981,0.277816139
12009,180.6113244,0.237579972
12087,23.35925501,0.236292113
12123,7.980235115,0.20533052
12071,330.9452325,0.2877589
12041,19.39090478,0.203494232
12057,520.1083437,0.14518362
12131,25.30640224,0.1982817
12011,611.6209525,0.170177038
12059,15.50467699,0.198229818
12037,8.476170996,0.254818503
12133,15.85851349,0.181416104
12079,9.682722562,0.21756065
12015,96.95957056,0.403067041
12043,4.734646117,0.254370053
12047,10.40833911,0.18374634
12049,15.298652,0.165771812
12065,9.134049767,0.241231999
12073,160.5934157,0.139685701
12097,99.50002106,0.133148426
12117,525.7303013,0.158313458
12129,20.65226931,0.157924355
12023,33.54246853,0.194980917
12103,1134.695778,0.251150284
12035,87.67055025,0.309052456
12063,19.11844342,0.204823097
12093,17.1404376,0.202562938
12017,89.82956118,0.363297779
12021,68.84863753,0.330333191
12051,12.83938461,0.133540294
12075,14.30698121,0.24761705
12091,82.08060192,0.160313891
12077,3.64916525,0.153171221
12001,110.8429023,0.144954287
12039,31.97690928,0.190465323
12086,515.7425324,0.16434375
12033,166.4365255,0.172913948
12013,9.161177906,0.185795954
12029,8.989784056,0.233468608
12027,20.49971668,0.228072757
12045,9.641738502,0.23727023
12085,90.03963561,0.312060543
12127,168.5815752,0.247708825
12031,453.0823663,0.144997921
12061,114.1753168,0.336164114
12105,139.0292936,0.198981309
12083,87.17884905,0.286562527
12055,35.27102873,0.35641403
12119,86.25641287,0.579382635
12067,5.790591721,0.173738602
42027,55.00380543,0.148460765
42001,76.95710395,0.206282864
42009,18.08355863,0.230091658
42063,38.5602218,0.197037233
42055,77.97806266,0.195844689
42115,17.86029778,0.238564812
42051,62.3378961,0.215734524
42065,26.19883601,0.209545853
42011,191.4445375,0.173699024
42013,90.20622461,0.206200591
42081,35.49171059,0.196752752
42087,43.00089239,0.213768587
42025,64.59926232,0.215804673
42103,39.92957581,0.234123595
42123,16.59895701,0.234858105
42061,19.16737221,0.21171774
42101,4342.922591,0.139223079
42071,217.264931,0.186508231
42125,94.01649099,0.209118828
42095,320.7228542,0.195312974
42107,70.64510241,0.205674701
42129,132.3410233,0.230725854
42035,16.10844153,0.19351565
42089,105.451325,0.180893476
42059,24.04777424,0.194587378
42069,179.4863132,0.199700812
42085,62.68149986,0.222378861
42105,5.860587987,0.244130024
42127,26.34763557,0.245772156
42007,146.4638746,0.216603558
42037,51.00150567,0.196517413
42057,12.84914152,0.219719857
42019,94.14299951,0.194577188
42099,31.8879449,0.193170412
42111,26.49326742,0.227883954
42005,38.1704916,0.225152532
42017,401.869247,0.191898881
42047,14.41088245,0.222548387
42075,152.7418088,0.197447872
42033,26.97653384,0.206018547
42015,19.97111543,0.215014674
42093,53.04615278,0.207660513
42131,24.88218829,0.219200675
42039,31.28228128,0.213586218
42117,13.9620351,0.223053126
42045,1168.067714,0.16530695
42031,23.60788703,0.200891538
42041,182.2342809,0.18554488
42083,15.88038851,0.199208509
42133,193.7269872,0.179760363
42097,74.25211216,0.2132779
42121,28.57167578,0.234116761
42003,649.4715196,0.191352348
42109,46.32560328,0.193033674
42049,129.4647758,0.186052006
42091,679.540612,0.178419947
42021,74.42902255,0.228621945
42043,198.3555042,0.17200648
42073,91.96582143,0.222850902
42029,271.9631463,0.167235201
42077,415.9335931,0.169868997
42079,138.9463214,0.197114366
42119,51.93854763,0.187366744
42067,23.0931157,0.205504509
42113,4.988447098,0.294621446
27001,3.04782283,0.336941296
27045,9.530619028,0.211988511
27047,16.54260336,0.223707636
27035,22.12781026,0.232550402
27123,1257.234725,0.147425116
27165,9.906747164,0.199076541
27009,38.77041296,0.136818445
27037,290.0343918,0.146633839
27039,18.35851518,0.149142145
27121,6.102172519,0.238280559
27139,158.5142709,0.113646002
27041,20.95638566,0.231151913
27067,19.62306944,0.190778942
27075,1.84531323,0.267449326
27133,7.766821426,0.199215929
27145,44.07675871,0.152960277
27137,11.49917783,0.202044618
27157,15.05599712,0.223484848
27159,10.01895327,0.203029441
27111,10.45733838,0.242582578
27151,5.057486741,0.225839268
27119,6.044491786,0.18659612
27003,315.6517533,0.144095696
27099,21.76120989,0.179401993
27071,1.480770414,0.265998011
27109,96.2322219,0.157463924
27057,8.269320959,0.253676815
27163,244.4827561,0.155043598
27079,23.40511198,0.177695608
27055,12.81743728,0.217499735
27153,9.985410624,0.217604686
27007,5.860616646,0.164777888
27127,6.769829791,0.208724963
27097,11.4171451,0.1984071
27065,11.62731943,0.213051344
27005,9.42409076,0.213152508
27083,13.68385232,0.164929467
27027,24.0188352,0.134882724
27029,3.204715922,0.20391651
27033,6.868705542,0.227221402
27101,4.391212002,0.253305583
27169,29.94359245,0.176418475
27103,28.54896035,0.168103573
27131,50.31005176,0.156599753
27025,49.53586509,0.157862202
27113,8.763845489,0.179796969
27149,6.507632183,0.169423196
27093,14.04977632,0.199581268
27171,76.57475833,0.128837134
27021,4.826094947,0.263044201
27017,16.01099864,0.177613219
27053,817.3141731,0.143994363
27135,3.538025293,0.181474234
27147,33.48147038,0.181521681
27013,34.92491642,0.14274966
27031,1.350237723,0.29137654
27091,10.61876123,0.231038099
27019,110.0462217,0.128396263
27061,5.952514439,0.243790821
27015,16.21959674,0.212114198
27023,8.296498528,0.211741372
27043,7.458170537,0.229829729
27085,28.14617249,0.192352669
27129,5.771708507,0.208978538
27141,83.38916742,0.116576979
27049,23.6150214,0.19840269
27059,35.24908705,0.161088019
27105,11.93349908,0.161828705
27115,7.795475589,0.212468414
27095,15.03053612,0.183658822
27117,7.821936004,0.201273885
27161,16.94503213,0.180667616
27073,3.341822787,0.271468969
27143,9.550825846,0.187386172
27063,5.375105359,0.22213328
27087,3.592169058,0.172707101
27089,1.929581897,0.221078269
27107,2.845260876,0.208288065
27173,4.827039932,0.199306941
27167,3.35364689,0.189151813
27081,3.979332248,0.23931927
27051,4.085958877,0.22900889
27077,0.819430305,0.250730412
27011,3.787830139,0.257739938
27125,3.521594128,0.215302491
15009,54.37202916,0.190396708
15003,635.6928818,0.18313991
15001,19.15023215,0.222957111
15007,44.83744101,0.209029142
38101,13.17086675,0.134670938
38099,3.161075986,0.212175724
38059,6.624888428,0.163637456
38009,1.456352714,0.242675858
38093,3.636772579,0.194932135
38003,2.775705208,0.227720947
38025,0.761258211,0.169027846
38035,19.68731207,0.134023859
38071,3.453321042,0.204706085
38077,4.426544121,0.186717474
38089,9.7180848,0.129160723
38017,40.40897665,0.124557629
38105,7.382360232,0.089119551
38053,1.991071602,0.08777536
38015,22.84606401,0.169290299
38061,1.953622093,0.122728201
38067,2.36503256,0.240689353
38057,2.907004353,0.201125344
38079,5.025591856,0.127563577
38055,1.626694676,0.244274029
38073,2.554307604,0.214736842
38097,3.590766049,0.197049262
38081,1.718269002,0.227733056
2122,1.39065971,0.18501386
2020,65.43109892,0.117482249
2170,1.665315779,0.127610491
2130,1.048549638,0.166917509
2150,0.717568087,0.120687023
2090,5.000337051,0.116370479
2110,4.452000527,0.145771329
2240,0.105302534,0.1508741
2185,0.047571339,0.070703408
2220,1.031009848,0.16581844
2050,0.170688091,0.07959479
2180,0.164704599,0.081890547
36083,93.6678084,0.17412676
36089,14.88317561,0.178357803
36043,15.9679945,0.211126629
36101,25.77100031,0.19818106
36047,13334.42922,0.142797883
36085,3320.150325,0.16393479
36023,36.08967177,0.166217949
36115,28.02964731,0.202228494
36037,45.5844263,0.190449275
36051,37.35724533,0.188470246
36005,11980.38152,0.132886023
36009,22.52378838,0.196458707
36061,20648.42807,0.168573705
36117,57.6861579,0.193227877
36039,28.16738525,0.227342902
36071,185.0508385,0.140530506
36103,512.9566609,0.17012322
36033,10.8384278,0.181888887
36045,33.65286662,0.142471575
36057,46.68238254,0.190603105
36027,139.1598792,0.180229681
36105,30.49680013,0.187513516
36029,350.1123773,0.182405518
36065,71.38007299,0.189649007
36021,36.70581382,0.244054581
36063,154.6073547,0.19506174
36095,18.34986526,0.226563026
36035,38.71521334,0.198601241
36099,33.49526778,0.199225219
36011,40.10551058,0.199847875
36019,27.64756154,0.177258949
36069,65.66773502,0.206756456
36109,83.19488556,0.150344723
36073,39.73849668,0.18574225
36075,44.63685627,0.16835988
36067,228.7846275,0.175859297
36097,20.21532701,0.218620767
36079,153.3914491,0.179272712
36003,17.36653609,0.195500538
36123,25.49332589,0.210505067
36113,27.29509297,0.226919391
36091,107.9530073,0.186754253
36013,45.50998081,0.203012761
36049,7.963871559,0.189603942
36077,22.28529584,0.211010115
36119,814.4008593,0.171868918
36017,20.32073531,0.209508683
36025,11.67649736,0.252871747
36055,440.6241207,0.177260577
36087,655.5107038,0.155055462
36093,291.8811481,0.174575456
36001,228.3299631,0.173831431
36007,107.4306188,0.195270859
36015,79.20755559,0.193411138
36053,39.77875846,0.187585457
36059,1715.203662,0.178413732
36111,60.58294216,0.201934657
36107,35.83102858,0.206493024
36031,7.545090096,0.246963129
36081,7553.49544,0.162767079
36121,26.30072168,0.188461918
44003,375.1839688,0.193637004
44005,302.2363943,0.231502995
44007,590.5359404,0.155296885
44001,694.1638106,0.197759357
44009,142.7165338,0.215125727
21029,105.7925247,0.163016381
21027,13.47877013,0.198336188
21209,77.36625376,0.122113366
21185,132.9622205,0.136701821
21221,11.28204547,0.228990251
21073,93.89736989,0.179976717
21137,27.88303264,0.183888637
21173,54.60404899,0.161941015
21207,24.56265769,0.200655701
21003,22.57741769,0.178231293
21035,35.29092609,0.16932133
21197,28.15070888,0.159238095
21217,36.28863793,0.179592621
21015,204.8334576,0.138438686
21095,22.13617714,0.188499236
21059,83.75138358,0.168779761
21097,23.30919605,0.17954205
21103,20.81429516,0.177539698
21145,97.87243519,0.197548326
21195,28.73383485,0.190716465
21213,32.01840511,0.161726443
21077,32.06860868,0.146784769
21021,64.67964466,0.184980728
21167,34.53785384,0.186583642
21171,13.18281442,0.187455893
21043,24.96167762,0.191391873
21193,32.10222331,0.17253249
21199,37.10872571,0.190839343
21157,35.9517716,0.218481556
21229,15.42915985,0.188544351
21089,39.20497359,0.211385505
21205,33.27799579,0.140817651
21227,94.91445706,0.130597958
21231,15.60105831,0.2132556
21113,117.3423245,0.15412342
21019,115.0946487,0.19853703
21139,10.03765274,0.223672367
21083,25.42667407,0.186091559
21115,33.1673409,0.188456281
21203,19.46555871,0.189199302
21235,31.86069925,0.156806668
21069,16.59171028,0.182143567
21133,24.55295379,0.199303944
21163,35.75456283,0.147675387
21233,14.97489295,0.178346396
21121,30.07743871,0.175414776
21219,12.54279584,0.162067276
21211,48.19705867,0.158291927
21081,36.95935077,0.139547003
21155,21.80399608,0.166556004
21183,15.40083826,0.180934752
21191,20.07703954,0.16138722
21215,39.16789976,0.146348994
21225,14.53244944,0.191294806
21033,14.03201157,0.207321895
21093,67.85523444,0.145136229
21125,54.50498673,0.164611551
21161,26.84260802,0.183798622
21005,45.12718665,0.160457612
21031,11.06891982,0.183442477
21177,24.9219498,0.197362041
21099,17.8261358,0.167937348
21049,56.0079953,0.177440722
21055,9.355216962,0.206720071
21141,19.01708196,0.183783587
21047,38.85504082,0.126364797
21051,16.67461373,0.15649737
21147,15.12841012,0.162560701
21009,34.36096593,0.174119287
21037,225.1837801,0.163428891
21101,37.18352212,0.181548283
21151,80.79485134,0.141297665
21067,436.3996912,0.137644002
21127,14.98350615,0.177828249
21179,42.56592983,0.162689666
21001,17.70798606,0.189219213
21017,26.82307899,0.19337153
21075,10.91207933,0.206510057
21123,21.77259662,0.172666712
21143,13.06927556,0.244329303
21025,10.69803198,0.177324098
21045,13.81364538,0.20139281
21107,31.64578145,0.185508906
21041,30.38685792,0.156232636
21079,27.9834176,0.18317007
21085,19.96774723,0.178607926
21111,760.7764641,0.163211846
21239,54.0640214,0.192014289
21013,25.77451352,0.19560166
21117,397.6869912,0.147046296
21071,35.08253154,0.188447734
21065,21.40045342,0.191965546
21187,12.29022869,0.194905476
21149,13.79989096,0.19567355
21181,14.78375059,0.16622411
21135,10.2087041,0.187800963
21175,13.8190551,0.167310074
21061,15.22465526,0.210682493
21023,15.53778932,0.173788835
21087,14.86706621,0.207380738
21223,20.94516282,0.181034483
21169,13.64784581,0.191642371
21091,17.66576391,0.180358518
21007,10.89959263,0.209702458
21109,14.44288215,0.176429729
21011,17.34278303,0.170157684
21053,17.38156102,0.198097914
21119,15.59692109,0.195704057
21165,11.46925438,0.215080144
21039,9.357779247,0.204356846
21237,11.38285804,0.193479586
47031,51.43471414,0.171348121
47069,14.66458779,0.182021678
47105,85.68223954,0.266365442
47145,52.20431056,0.232245861
47155,63.54022787,0.197721105
47183,21.84626712,0.181867915
47023,23.41854753,0.16951107
47043,42.67818119,0.160900068
47047,22.83367015,0.217084921
47029,31.37556179,0.214228173
47093,351.696768,0.158107256
47125,156.2555157,0.095001727
47021,51.63163831,0.153638223
47053,32.24747296,0.175358553
47151,15.82745858,0.169718052
47173,30.94864451,0.182791355
47005,14.04229749,0.237474003
47115,21.72408659,0.200672723
47025,28.02127535,0.198745358
47103,23.89318588,0.195271801
47119,63.33076498,0.163574959
47011,126.5222775,0.169526791
47077,20.44185858,0.1876482
47131,21.41198103,0.205793525
47147,58.99726424,0.14705034
47153,22.96198589,0.207835703
47059,43.40625123,0.213974173
47097,19.29991464,0.160467799
47123,27.35939968,0.214495762
47185,27.84020031,0.203480295
47133,19.99227725,0.202674486
47169,38.42099654,0.126367474
47013,30.44771265,0.2040993
47139,15.3100516,0.208276334
47187,163.7987777,0.135836657
47015,21.08209328,0.17729372
47113,68.31265747,0.172007325
47091,22.89464585,0.228424982
47111,31.71754003,0.157433477
47055,19.17159855,0.206420355
47075,12.91578338,0.195207972
47089,67.19630885,0.20324787
47181,8.518895549,0.191855092
47121,22.72946543,0.208467268
47157,459.713489,0.138415303
47179,155.6912838,0.183138726
47035,34.48067336,0.313453582
47085,13.17055118,0.19875711
47167,50.27361649,0.148817529
47189,97.93160341,0.156448818
47109,17.71483542,0.205492168
47051,28.70341552,0.203460369
47061,14.46513102,0.204834418
47019,62.60564814,0.219351175
47163,142.1745066,0.217289867
47003,40.85540281,0.145311225
47045,27.01475227,0.176456205
47165,139.3493523,0.159686171
47171,37.15248904,0.231687587
47007,14.156199,0.190185694
47129,15.54382643,0.181883024
47065,245.6127464,0.177101054
47083,15.46899371,0.205477799
47037,526.4068789,0.122072476
47079,20.96048918,0.232981366
47101,17.20097413,0.210124772
47063,141.7030468,0.175565891
47073,43.8409062,0.212961004
47117,35.23444148,0.161388994
47071,17.37317413,0.232366537
47107,47.58971908,0.20024404
47177,36.43196678,0.177062473
47039,12.79998295,0.23119972
47041,23.56809951,0.188016735
47033,20.21661884,0.185092007
47057,30.04015278,0.208032299
47141,76.603868,0.161396566
47143,37.72224162,0.187631187
47159,23.63711245,0.165821323
47049,14.30968552,0.223670688
47149,211.2993362,0.105656797
47161,10.68827416,0.202475103
47001,86.40346472,0.198711551
47081,15.70155651,0.173778652
47017,18.3066798,0.19969062
47099,27.59085287,0.176902174
47009,92.1966875,0.204062475
47175,8.675222301,0.235732815
47127,19.14227101,0.217532468
47087,14.03883995,0.225187226
47027,11.2876102,0.248153034
47067,11.51926317,0.21843567
47135,7.653949519,0.212479122
6013,592.4211651,0.160348391
6065,127.804654,0.148353598
6011,7.296753847,0.146409599
6071,41.89082277,0.119624506
6035,2.680435187,0.147526961
6079,32.82329261,0.206824032
6075,7139.329594,0.16014074
6083,62.93005562,0.156180001
6087,234.2699975,0.173083029
6055,67.30805476,0.198930536
6093,2.684716854,0.263153118
6101,63.27743956,0.157111887
6019,64.80590884,0.124673077
6077,211.0298016,0.129779398
6095,196.8620686,0.161952497
6067,615.8942308,0.143999066
6039,28.03754009,0.141855137
6057,40.5794263,0.282304841
6015,10.56770448,0.186520094
6061,104.1214341,0.197368714
6017,41.35507555,0.21930655
6081,645.1476685,0.163043933
6041,186.6021225,0.223348493
6021,8.428928427,0.160748245
6107,37.76125619,0.115170487
6097,118.8912635,0.201000307
6007,48.76876032,0.176832207
6025,15.47629609,0.131960404
6027,0.718086841,0.234619834
6111,175.5254615,0.161122962
6045,10.07148561,0.2315755
6051,1.628729124,0.167108552
6059,1540.815689,0.150657186
6069,17.83454531,0.130665005
6031,42.30231599,0.103655418
6105,1.942033844,0.290306566
6029,42.99612927,0.1125745
6089,18.30243513,0.208846167
6103,8.587072929,0.195102686
6005,25.80440149,0.272293741
6009,16.87206158,0.282461797
6043,4.522006945,0.288917435
6053,51.17486953,0.139082306
6109,9.448385491,0.268301453
6099,141.0688217,0.132362783
6063,2.927638589,0.295695665
6115,48.95330554,0.12858859
6001,866.1678823,0.141596066
6033,19.83327991,0.22931338
6073,298.9949631,0.144758095
6047,54.89137822,0.113959567
6037,944.6171406,0.140660014
6085,575.1896304,0.136884199
6113,81.84904182,0.128964137
6023,14.60967839,0.184666794
6049,0.800606661,0.281167414
20055,11.40678382,0.111943015
20115,4.794828784,0.229508197
20173,200.542976,0.149071465
20059,17.3966071,0.171650695
20195,1.204594861,0.254545455
20001,9.574435826,0.204999201
20031,4.938020078,0.217729393
20099,11.93979855,0.194641177
20169,29.08548883,0.184337993
20091,491.1144255,0.148554545
20061,35.0814473,0.088280931
20181,2.168096703,0.193553831
20009,10.93944186,0.197717737
20015,17.99185459,0.154075635
20103,67.52103764,0.15076739
20209,418.9301224,0.124126194
20155,18.79500804,0.197097749
20117,4.285798277,0.214371138
20139,8.462708743,0.200253727
20011,8.684268784,0.19377524
20113,12.96577151,0.196320439
20029,4.862987785,0.20475927
20111,14.53312829,0.154981664
20167,2.874693507,0.244806456
20013,6.418729125,0.208399116
20045,96.71389396,0.127640408
20067,4.935720531,0.13601741
20085,7.770396936,0.192124556
20133,10.63124663,0.193962264
20003,5.184737354,0.20296145
20151,4.805739489,0.202665793
20191,7.294721874,0.191633893
20021,12.65909461,0.191304797
20037,25.29653009,0.155654204
20149,11.36640258,0.145049915
20005,14.56404356,0.170000612
20041,8.346167781,0.201076028
20079,24.30483609,0.198183368
20125,18.67025897,0.200082561
20121,22.38760501,0.171233878
20175,13.24735126,0.103082457
20087,12.74618227,0.191830065
20161,44.70665438,0.094797399
20193,2.851327718,0.173392182
20145,3.201679011,0.224496322
20035,11.78764272,0.18374139
20177,124.3937967,0.185107346
20159,5.001560636,0.192022067
20057,12.05243836,0.112371675
20205,5.794438059,0.222041952
20051,12.41827649,0.152237774
20131,5.520912046,0.195639478
20143,3.069341531,0.204747774
20043,7.288399773,0.194300173
20197,3.322257746,0.202879581
20171,2.773552771,0.191576087
20053,3.409418719,0.227358195
20201,2.378792554,0.234358047
20123,3.112267091,0.228245856
20073,2.01699604,0.25589897
20107,6.111337988,0.223102585
20027,4.780620591,0.230826141
20095,3.330641095,0.207413355
20127,2.963552135,0.248376925
20189,2.786213373,0.15450562
20077,2.641356916,0.216939891
20007,1.437736596,0.237701041
20069,2.513159404,0.162687887
35049,31.2732255,0.261566583
35028,68.67288606,0.178115345
35017,2.742767689,0.285729488
35037,1.171665859,0.261923825
35047,2.215610684,0.235166532
35001,223.7159579,0.171119311
35027,1.619128764,0.299565775
35035,3.949669951,0.166506965
35025,6.538079829,0.10920397
35031,5.160101404,0.1287035
35059,0.411446243,0.228074473
35041,3.018214024,0.145663957
35019,0.566816594,0.198202247
35061,27.55695302,0.181518758
35005,4.138920981,0.158941617
35057,1.736570159,0.221963859
35053,0.963619618,0.196697602
35055,6.042305239,0.287242679
35007,1.269343472,0.27374031
35045,8.484215635,0.157833742
35015,5.72864191,0.141140033
35013,22.20271581,0.164034996
35006,2.309092911,0.171885925
35023,0.467993221,0.223498445
35043,15.47208594,0.188673287
35029,3.30795675,0.20750413
35009,13.26892005,0.127348945
35039,2.643571562,0.203741328
35051,1.054021214,0.378207898
54029,127.8000178,0.23576118
54025,12.43564243,0.236648167
54039,76.65686942,0.210938926
54051,37.87257655,0.229245005
54075,3.22802224,0.263057568
54077,20.29881368,0.196416567
54035,22.76764366,0.205310881
54027,13.8443924,0.232094916
54055,54.77159617,0.221963322
54089,12.56914261,0.25988134
54097,25.94142841,0.209195885
54049,69.7515966,0.194873346
54061,111.7209303,0.128301566
54005,16.7184894,0.208033381
54031,9.451151324,0.221825813
54033,61.15226064,0.195573019
54007,9.318199696,0.234556993
54001,17.43021105,0.205237633
54045,27.67381157,0.210843004
54065,28.72747897,0.24334935
54103,15.45774587,0.225281948
54019,23.40559126,0.218536176
54041,16.89211757,0.205214021
54003,146.6666916,0.148957608
54067,14.52521117,0.227208064
54057,31.62436714,0.22100104
54009,94.08024413,0.242472618
54037,105.396331,0.16745516
54079,63.32989412,0.187113734
54083,10.37957801,0.216768697
54011,126.558023,0.192820121
54069,150.6364103,0.220405278
54081,47.28097859,0.212193127
54087,11.20563188,0.223410322
54091,36.74959984,0.206058429
54053,22.11317692,0.214333425
54099,29.41333945,0.214989227
54107,86.42961653,0.205606701
54109,16.46611568,0.21992613
54047,13.79966692,0.204080565
54063,10.09579303,0.249070932
54023,8.831680926,0.24744898
54095,12.30804293,0.231334297
54059,21.48939682,0.198532219
54085,7.194766135,0.218920199
54043,18.01540655,0.199012515
54093,6.202704327,0.270306258
54073,21.97228314,0.186535948
54101,5.81988736,0.239766082
54105,8.555292606,0.208389455
49001,1.056439148,0.139199321
49005,43.8969578,0.097267907
49041,4.330675194,0.164961875
49045,3.85652666,0.091584261
49037,0.706625591,0.143113071
49049,118.84281,0.076403486
49013,2.331342168,0.123087125
49007,5.314894598,0.180887539
49003,3.314063614,0.12791343
49011,220.743161,0.103533272
49019,1.013436024,0.189569536
49039,6.860326542,0.141083799
49015,0.849237126,0.17412986
49021,6.703144673,0.13050309
49047,3.05607237,0.114905088
49027,0.733858248,0.170812476
49043,8.705148812,0.137725116
49057,153.6182001,0.118268006
49029,7.780116579,0.12079063
49051,11.13271681,0.12345466
49053,28.64933483,0.219464707
49023,1.337202651,0.118780778
49035,568.6839921,0.110825747
49025,0.720818287,0.234411688
49017,0.37708306,0.227880456
34011,118.8718404,0.151959004
34027,408.8737969,0.172978747
34015,346.9025619,0.159928277
34035,437.8561749,0.159601915
34009,129.5428338,0.276343138
34023,1051.512262,0.152631713
34033,71.84541994,0.187012186
34013,2599.960339,0.135922983
34037,104.1720329,0.180744696
34001,174.1190122,0.18516333
34041,116.8913647,0.184454153
34031,1022.749047,0.150462619
34019,113.9669258,0.192718108
34017,5346.435169,0.120448419
34039,2136.011948,0.144357562
34005,217.6521231,0.174148947
34029,326.573769,0.221770618
34003,1499.421567,0.174057252
34007,889.7766852,0.158208818
34025,512.2148149,0.179309895
34021,654.2039199,0.150487442
10005,93.74381298,0.284301211
10001,117.665192,0.174625257
10003,507.2555961,0.160085717
26089,22.94507367,0.322511211
26123,22.43519764,0.196890881
26029,22.26267823,0.252456248
26161,199.2728134,0.144974722
26115,107.0040968,0.185895531
26107,26.88988627,0.198332746
26125,543.3116979,0.17275789
26005,55.33747828,0.169706424
26129,13.97256134,0.259100539
26147,83.06644173,0.192313208
26069,17.23820903,0.299084314
26091,50.50252793,0.192512724
26063,14.52247631,0.25816931
26081,291.8780246,0.139210033
26159,46.92366031,0.186134815
26163,1098.064016,0.156284526
26007,18.8567495,0.238240177
26021,102.7971379,0.20090981
26049,241.867322,0.177907375
26101,17.36416749,0.265401518
26039,8.924637601,0.261026865
26127,18.885265,0.212560024
26055,75.1419186,0.205887602
26079,12.16727258,0.208628282
26157,25.34340188,0.207831664
26031,12.44669791,0.279137028
26065,196.518582,0.139652588
26103,13.66169241,0.194491994
26141,7.344573045,0.322913459
26059,29.15008184,0.202124404
26137,18.46142441,0.214994619
26145,90.12455522,0.195225347
26085,8.150061062,0.260869565
26113,10.14559408,0.208170043
26117,35.74233124,0.172136809
26149,45.23556621,0.180762036
26139,198.5623406,0.155930224
26155,48.68787416,0.189250312
26121,128.1760327,0.175052651
26151,16.30087243,0.220870679
26019,20.00087641,0.267924738
26041,12.06288498,0.249166734
26051,19.03609594,0.267459723
26135,5.565765297,0.279075426
26009,17.26455047,0.2760181
26067,44.53916466,0.145783114
26047,27.3451574,0.232329747
26093,128.0573933,0.18010327
26133,15.4539703,0.211602306
26057,28.26003365,0.17173507
26071,3.717410819,0.304822488
26143,15.64387976,0.329780431
26015,41.83465689,0.185770814
26119,6.297693243,0.321139987
26165,22.64526115,0.196121522
26111,61.16255787,0.191742427
26027,39.23871442,0.215070644
26037,53.26649253,0.1767724
26105,22.03100519,0.24658383
26035,20.75859109,0.240611736
26033,8.709197434,0.184677704
26075,85.72122177,0.180152148
26077,174.391257,0.152928993
26025,72.292361,0.17946045
26043,12.93889874,0.227239453
26045,72.86325133,0.190299089
26109,8.646456666,0.251670284
26017,89.60210618,0.207250493
26073,43.11890047,0.132477172
26011,15.79164185,0.25394921
26023,33.39199496,0.184476188
26061,13.88828547,0.175188735
26053,4.865092713,0.282623817
26087,51.71389602,0.18788084
26099,704.0198003,0.173285944
26001,5.664273777,0.358639001
26097,3.900311071,0.29076639
26003,3.649204324,0.255545496
26153,2.550474605,0.271677019
26095,2.678541096,0.212503898
26013,3.438577669,0.22767419
26131,1.694955154,0.374161362
28133,14.17763271,0.14577237
28091,17.18493428,0.185686812
28043,18.57462449,0.183087521
28107,18.17946841,0.166280155
28051,8.5805061,0.158148562
28003,33.40451568,0.184193864
28127,16.95993916,0.181993297
28013,8.709181206,0.198446807
28025,17.28339112,0.187409435
28087,44.00949507,0.162701041
28159,11.20755996,0.210273779
28101,14.17632997,0.169343477
28111,6.827061381,0.186739659
28117,23.08057462,0.174758058
28145,25.73352898,0.165233349
28157,4.817126498,0.18038896
28021,7.034041814,0.171756979
28113,37.87360756,0.172494172
28121,75.15832212,0.158688107
28097,9.291100749,0.221000102
28161,9.734640528,0.211664797
28017,13.09597883,0.178959673
28001,23.37508074,0.205328729
28109,26.454306,0.19227824
28011,13.16984008,0.165364751
28115,24.02906925,0.150543496
28041,7.266759914,0.152067947
28059,74.05700008,0.162288387
28071,31.70974082,0.129340309
28141,16.37606993,0.209398536
28031,17.0472816,0.168911917
28061,9.32037767,0.209323639
28105,43.27491832,0.114913009
28147,13.24243587,0.200446557
28035,64.14104361,0.134566669
28065,10.67419803,0.229858657
28093,18.35647152,0.179954374
28007,9.369236823,0.191099184
28039,19.41353344,0.147204994
28123,17.69356498,0.151870244
28027,14.15666773,0.157774141
28023,8.685631011,0.21409353
28033,144.3207305,0.131297487
28067,37.07194846,0.171450241
28073,49.55035919,0.141982902
28103,5.66551179,0.170152739
28129,8.601758288,0.201576577
28151,22.79983855,0.168514314
28163,11.05170277,0.138462114
28085,22.88697272,0.171340992
28045,36.75956679,0.206523628
28139,18.3168388,0.170906091
28049,100.1456166,0.149419736
28131,15.78210052,0.165739529
28077,10.63724714,0.18682874
28143,7.935591977,0.128129151
28149,27.88626753,0.173610645
28083,18.03816181,0.148154682
28095,17.08762306,0.196916055
28155,9.048549504,0.183293027
28057,17.04421474,0.175173917
28075,39.38596041,0.180115372
28029,14.04518843,0.179491699
28047,136.6911127,0.155823986
28081,70.99244118,0.149728258
28137,26.36359445,0.165532476
28089,56.76673128,0.14348798
28153,9.379740784,0.170441905
28099,19.63978724,0.16227829
28079,14.02372402,0.174595713
28069,4.518804347,0.210842703
28005,6.708209221,0.243298483
28135,7.525455112,0.166456891
28009,7.222727005,0.188726131
28015,6.080989908,0.236123612
28053,6.977773343,0.176779987
28119,5.865894075,0.181317792
28063,5.307725198,0.179437707
56007,0.705615087,0.177433781
56019,0.783210786,0.258698225
56003,1.411712059,0.214093552
56035,0.683894047,0.215562686
56001,3.326791925,0.124929186
56029,1.645770765,0.24248152
56041,3.785513671,0.152604549
56005,3.784865459,0.111949819
56037,1.557851033,0.133590405
56023,1.850113772,0.184148708
56031,1.575659417,0.259620974
56025,5.753003877,0.157854588
56043,1.324652891,0.224899075
56013,1.637688482,0.193067414
56015,2.16644954,0.227527191
56033,4.734384985,0.215771259
56009,1.247251851,0.172060214
56021,14.45962735,0.164527619
56039,2.139186412,0.161685889
56045,1.102727343,0.211465341
56011,0.968938342,0.21432553
56017,0.891001983,0.277982247
32027,0.42343197,0.168672886
32031,28.75461895,0.167151429
32029,5.98872833,0.327073171
32013,0.691971209,0.148518861
32015,0.401302821,0.162916449
32033,0.394315251,0.187858087
32001,1.962600311,0.191707814
32019,11.29821237,0.214109663
32023,1.095270291,0.304586338
32005,25.89064819,0.302574674
32003,108.5232301,0.15142917
32510,144.2555661,0.20385022
32007,1.206941238,0.120111732
32021,0.461524843,0.258730507
30095,1.921042675,0.237617135
30043,2.818248986,0.226287039
30081,7.12274782,0.264698558
30001,0.650935692,0.233198208
30053,2.07297931,0.296614477
30049,7.856155016,0.1917289
30035,1.756559888,0.124192495
30027,1.018844549,0.245129728
30093,18.92355148,0.190225436
30009,1.965252121,0.259765065
30013,12.05255421,0.18848701
30089,1.720742613,0.315454106
30007,2.118097098,0.233948339
30105,0.579656554,0.237328405
30003,1.012714257,0.137066667
30067,2.364778104,0.237114602
30023,4.919226514,0.252865025
30083,2.115979405,0.15547242
30041,2.165902287,0.151554166
30057,0.926460381,0.305668251
30021,1.453120063,0.202146691
30029,7.688697566,0.203355885
30031,17.48116495,0.127902285
30017,1.211181426,0.198247536
30047,7.290114829,0.229465031
30063,17.4389146,0.162252919
30111,24.06956874,0.173167163
30077,1.152836373,0.203167747
30085,1.764691551,0.116225227
30087,0.64204221,0.165206959
30005,0.643575498,0.156445202
30061,1.434104542,0.290664313
30073,1.391934827,0.213111977
30099,1.052284458,0.229039512
41003,54.29335849,0.167067649
41019,8.484456041,0.258401302
41057,9.424672674,0.267143796
41039,32.07208603,0.198136732
41061,4.972540534,0.205725191
41025,0.283774081,0.251865672
41043,21.55118107,0.189004051
41027,17.3930192,0.168849041
41045,1.229542187,0.171856686
41041,19.6329993,0.299311494
41031,5.293252615,0.194303901
41015,5.543060733,0.347590618
41007,18.63937431,0.234711267
41055,0.867922887,0.247317597
41029,30.82102282,0.223860608
41047,112.3580499,0.159252407
41049,2.303897255,0.158296406
41013,3.204380168,0.250990379
41017,25.11542837,0.202924575
41001,2.088678379,0.261352048
41033,20.75954418,0.264440105
41035,4.374407076,0.216410493
41037,0.377708533,0.251623178
41065,4.310055464,0.208886389
41023,0.618064421,0.306415929
41053,45.47112031,0.183413206
41071,58.03741069,0.177459481
41051,678.1914949,0.138055574
41005,86.61745992,0.186213508
41059,9.591258848,0.158335727
41067,319.6894,0.136705926
41009,29.54066043,0.193048505
41011,15.43645075,0.266905888
41063,0.907721901,0.289366883
33011,183.3266631,0.160408854
33017,132.3794973,0.15713358
33001,52.44236362,0.227180687
33019,30.15716941,0.222188676
33007,6.608153678,0.250767754
33005,40.56477559,0.208033589
33009,20.14936988,0.214371941
33015,167.2301949,0.185686549
33003,19.50584087,0.286877557
33013,62.30340135,0.184870453
13013,197.82588,0.125407166
13085,48.22894304,0.199432751
13253,13.76174439,0.238854895
13267,19.19114308,0.150634162
13279,28.1035443,0.167542367
13025,15.5445827,0.170856223
13251,8.278478229,0.197511554
13285,60.07425487,0.153717627
13313,136.447119,0.143476528
13005,15.03840648,0.170256686
13131,21.99106831,0.182954719
13231,33.22973831,0.159669649
13277,59.3483359,0.154290688
13261,23.21020375,0.172446395
13295,58.4322251,0.186806202
13055,30.74143249,0.178654385
13269,7.941412195,0.209751728
13297,113.0650581,0.15844575
13065,3.154596693,0.167037532
13071,31.80899662,0.15767454
13177,35.35304207,0.130683874
13029,38.14576041,0.105585481
13149,14.61859241,0.171443597
13213,44.52050646,0.15151591
13257,56.2017463,0.203555024
13291,28.88905289,0.337217801
13067,858.6950527,0.126836546
13129,61.94031879,0.154021271
13083,35.9991378,0.198658379
13133,17.96816451,0.291386877
13241,17.269686,0.277402536
13283,12.2013912,0.177159819
13115,73.39584441,0.1662271
13151,284.5245371,0.119026352
13163,11.44458513,0.185868873
13189,31.34145941,0.181431478
13215,361.214301,0.138691952
13271,10.83981456,0.178502725
13103,51.74317138,0.118725973
13183,15.43704643,0.10149771
13235,15.13270147,0.220621068
13075,28.50177525,0.163242804
13137,63.68115682,0.185471608
13155,10.27125759,0.180275277
13315,8.849155166,0.187243268
13111,24.92510472,0.299790688
13161,16.99068193,0.155241253
13179,46.54064658,0.095999755
13187,45.48455621,0.174838748
13287,11.98196002,0.194157503
13123,28.08646377,0.258700437
13135,845.060069,0.1038811
13147,38.80833311,0.222734136
13223,207.0965128,0.110022174
13117,392.4251077,0.12137914
13165,9.498223648,0.171277086
13191,8.923873431,0.279230839
13219,86.57641535,0.157639121
13023,22.16910045,0.172427493
13107,12.73102708,0.162274923
13051,230.9695153,0.158714624
13069,27.58576135,0.14100065
13167,11.562973,0.193948629
13227,55.10666938,0.220251716
13053,14.70430757,0.047877901
13169,27.6679764,0.178076394
13311,44.61394611,0.22823874
13171,38.39949825,0.170937399
13205,16.33439131,0.172402702
13221,12.94750949,0.189531903
13059,409.9311418,0.1170436
13211,21.88015963,0.201522615
13281,28.05840953,0.354099936
13321,13.94440793,0.192885337
13021,238.2183826,0.159710703
13057,236.9389874,0.146965048
13159,15.06553523,0.175668266
13247,273.1980783,0.149808048
13087,18.18066314,0.168176246
13139,182.6499326,0.155774833
13015,89.52359947,0.141932285
13305,17.92681133,0.161219682
13173,19.09549401,0.145097642
13293,32.63233002,0.184693141
13193,11.47899548,0.182615894
13209,13.57018663,0.178164925
13237,23.59932491,0.244138056
13105,20.25525146,0.211426826
13157,85.44310818,0.143442407
13097,276.9032073,0.117892038
13109,22.24726102,0.164299638
13229,22.15245671,0.167740299
13255,130.16955,0.181631804
13275,31.98234542,0.183704221
13099,8.106303276,0.188035764
13119,33.9598846,0.188823429
13011,29.70380733,0.178375381
13027,12.63477684,0.205508864
13127,70.01393363,0.215171598
13245,242.6391904,0.144789766
13073,195.6967026,0.141558716
13089,1088.371354,0.127068058
13019,15.30621677,0.171595352
13175,23.37049162,0.179402865
13043,17.03830528,0.185839097
13091,15.33741849,0.186290685
13143,40.77334938,0.159240566
13145,28.29571176,0.186897825
13113,230.6054895,0.188201139
13195,40.72109294,0.173825013
13217,155.5536633,0.131212953
13233,52.99047034,0.153602016
13039,30.81456538,0.141349595
13273,10.50152195,0.197844077
13009,62.99952751,0.167073923
13077,126.4929219,0.142908944
13121,770.3640675,0.118883446
13141,7.055322019,0.239697802
13035,52.22040937,0.156667715
13049,6.158528539,0.146292745
13017,26.13253263,0.176922182
13047,161.29639,0.179243893
13093,10.88779328,0.210545098
13033,11.3648165,0.162885257
13225,71.38504159,0.163153005
13303,11.2755752,0.175102531
13001,13.89538063,0.176307943
13045,91.28191236,0.137925825
13153,166.1887468,0.129416653
13199,15.75319005,0.20557711
13207,27.08824451,0.189369008
13299,15.42249254,0.170772754
13031,44.62836297,0.117306582
13003,9.273776866,0.139633116
13063,799.9962309,0.097480653
13081,27.62105979,0.193263116
13095,98.86388406,0.165922628
13197,7.887010849,0.206395736
13319,7.578025419,0.198197183
13185,89.35033542,0.125068712
13317,7.783930466,0.23342397
13263,5.606549176,0.259285092
13079,14.33403296,0.192364776
13289,8.538379496,0.231929212
13201,8.164678493,0.217166667
13181,11.53914092,0.245935752
13243,5.750394854,0.249493848
13301,7.014637187,0.223800384
13249,10.44612462,0.175021988
51065,36.16970204,0.202517246
51067,29.56424577,0.236767217
51013,3543.980835,0.110512818
51029,11.14021435,0.196245024
51640,314.0303711,0.177100372
51680,616.045163,0.142139304
51720,189.8398734,0.185014877
51059,1105.602821,0.138562837
51005,13.06190982,0.252448886
51678,1127.616689,0.148476984
51003,59.81129602,0.190924863
51161,149.0292078,0.213182573
51183,8.486465318,0.186662972
51105,19.58240338,0.221946599
51760,1399.58478,0.132850433
51770,901.4314145,0.169866219
51167,20.90240207,0.22533354
51025,10.7488315,0.216142875
51127,39.60467719,0.177998605
51820,567.3107042,0.17962696
51027,15.59482478,0.227793344
51033,22.21379717,0.165441534
51049,12.46960264,0.223749483
51081,14.82384684,0.158897375
51095,193.6447442,0.259453312
51109,28.49587096,0.201851212
51740,1062.2997,0.14823515
51750,619.9087115,0.094592072
51163,14.58469399,0.262537524
51037,9.328828987,0.221364779
51191,36.78506602,0.236521062
51610,2773.637201,0.149375895
51087,528.3326712,0.159301468
51195,34.39940069,0.191760341
51047,53.05254449,0.159714558
51131,13.79301766,0.277420406
51041,321.8279242,0.152537624
51079,50.71501521,0.181667802
51051,16.35757512,0.231313703
51125,12.03577626,0.278973734
51155,39.62837187,0.227196071
51053,21.2765186,0.181811675
51115,33.63498884,0.310090238
51179,217.4552133,0.10724549
51159,17.65334741,0.214710169
51580,392.4211374,0.194884287
51107,312.0976558,0.097936369
51700,1025.173007,0.13114446
51149,58.92605345,0.125017438
51175,11.53941608,0.207666667
51015,30.83562376,0.21373169
51069,85.06875305,0.176092236
51137,40.73104216,0.202923783
51199,216.9337437,0.165477074
51660,1150.970029,0.098166377
51187,72.19423052,0.164190467
51007,14.28424272,0.19826546
51021,6.755461966,0.237047665
51043,32.07640915,0.216406303
51550,274.5182711,0.135361653
51143,23.88140225,0.232701908
51630,1028.406673,0.111822114
51121,98.94037171,0.13107833
51800,87.5199916,0.147271379
51133,21.59955388,0.373257877
51169,15.4584421,0.248272984
51173,25.42556029,0.225529345
51057,15.43451766,0.235566038
51075,32.8625513,0.22672867
51730,564.0154949,0.167827152
51071,17.94039665,0.217008099
51073,60.24375872,0.195686426
51085,89.92320728,0.182010784
51830,654.3701709,0.165055473
51520,512.9740046,0.218131134
51061,43.26032267,0.165177348
51177,130.5418034,0.142863261
51113,16.61519782,0.222455025
51510,3999.533913,0.119249486
51083,15.83729021,0.248736186
51600,1487.069247,0.143703152
51620,377.9745677,0.192392368
51171,33.36179551,0.215501245
51710,1537.635916,0.120183359
51135,19.12788177,0.183270497
51035,23.57312535,0.254338432
51650,904.7855316,0.15780456
51735,245.0867013,0.19243738
51147,23.84970855,0.162570369
51001,22.96039672,0.240918068
51790,498.7325633,0.208946531
51185,30.05191504,0.227093998
51810,578.6267897,0.14674107
51031,42.45507884,0.203917485
51595,320.5095186,0.191360167
51093,46.23920995,0.194918547
51101,24.06491704,0.162090843
51089,51.19467719,0.239985083
51141,13.9957641,0.26871096
51775,670.4001143,0.192291001
51011,18.56821533,0.204889551
51111,10.662845,0.226541555
51690,472.471242,0.175593472
51139,29.244744,0.216837488
51103,29.447263,0.367298361
51540,1757.008634,0.123558095
51670,822.1366616,0.154096652
51099,55.43662002,0.135383925
51019,39.54460791,0.219857799
51145,44.68770332,0.188906832
51840,1182.50391,0.163525814
51153,544.1164845,0.103257984
51570,900.6627237,0.191084205
51685,2190.494581,0.080734158
51197,23.51453367,0.215969743
51009,25.25341634,0.212488023
51119,29.41499147,0.324988235
51165,37.89685601,0.193450569
51023,23.76644344,0.230183063
51590,375.6618188,0.207818737
51063,15.6577257,0.235153473
51683,1672.502013,0.099829332
51117,17.2349473,0.261322778
51193,29.29199134,0.257860274
51181,8.941732863,0.238792315
51157,10.62808817,0.273914818
51077,13.29388956,0.250195618
51530,392.9899321,0.188224665
51097,7.820709582,0.231759007
51036,13.0589003,0.256535224
51017,3.038279084,0.276641294
51045,5.742945468,0.238143908
50025,22.23136636,0.235609278
50019,14.6791899,0.227290975
50015,21.53615401,0.176719985
50017,16.37440451,0.21941058
50027,22.88139039,0.23970764
50011,28.04793345,0.166843507
50021,24.77819436,0.230841615
50001,17.90324199,0.21145457
50023,33.27048387,0.204247492
50003,21.33542482,0.231964008
50005,17.78746175,0.217154009
50007,104.9349098,0.15479352
50013,14.59003825,0.215608284
50009,3.400343543,0.266554054
22013,6.094870159,0.211430332
22027,7.126421789,0.20920384
22011,12.09211995,0.157844344
22071,425.4823838,0.154688709
22017,97.9904295,0.177638577
22057,30.32656437,0.155855071
22009,17.6866827,0.174342437
22049,9.989558456,0.202447459
22125,13.85784001,0.150313562
22037,16.54117078,0.18453508
22097,33.90944204,0.16312366
22119,23.20357902,0.200887302
22033,374.5629102,0.143194909
22105,60.86642301,0.146010123
22031,11.56522196,0.181933463
22019,76.4219669,0.150288537
22069,11.13780171,0.164756371
22099,24.44153606,0.159248957
22115,14.02998925,0.131746846
22103,93.99195625,0.17466767
22045,43.65436951,0.152885272
22051,333.1699077,0.172926361
22059,8.615710055,0.154490775
22075,7.612328015,0.13523283
22021,6.881652961,0.182148041
22083,13.70137307,0.177935233
22101,27.64929587,0.171646625
22073,97.97000125,0.150632911
22003,11.45279842,0.145218003
22007,21.93988451,0.187256486
22015,57.29357087,0.146855483
22061,39.54015254,0.139088035
22085,8.448729357,0.208677593
22055,346.3266308,0.137302109
22029,9.643468704,0.186563169
22063,79.36392574,0.133186208
22039,18.3569558,0.1570713
22127,5.546335995,0.184177998
22005,161.1991082,0.121566178
22123,10.44453343,0.204263606
22109,28.44218705,0.147567464
22065,5.943573674,0.162823201
22077,13.56081583,0.212768008
22079,36.83896071,0.164198965
22089,51.05156408,0.138977697
22111,8.998082784,0.213882966
22025,4.645248373,0.177316115
22047,17.86508999,0.166854044
22093,30.80394297,0.180571372
22121,51.47079046,0.141570473
22117,25.94067588,0.183863801
22023,1.321563048,0.175654031
22041,12.01337971,0.186466394
22001,33.76667457,0.158204652
22043,12.86617888,0.150557034
22053,18.88428871,0.16437719
22087,27.36189279,0.121626871
22067,12.27389581,0.191083548
22113,16.98293439,0.158386836
22091,10.28553679,0.203991943
22081,7.309318944,0.192938706
22035,6.502205183,0.148679448
31045,2.263591949,0.196463415
31049,1.611522668,0.252585738
31037,9.822154532,0.131758034
31043,31.22413223,0.132023903
31101,2.900216317,0.262759697
31079,44.03053537,0.148808293
31155,11.33773865,0.181993627
31013,3.889298363,0.195812581
31119,23.91715603,0.164938605
31151,9.905817693,0.148506806
31041,1.580772007,0.221990125
31153,297.6572765,0.119807762
31111,5.205005037,0.200207648
31025,18.17506893,0.179935348
31039,6.063005094,0.208879023
31185,9.483790879,0.20041059
31145,5.76073693,0.210167274
31141,19.37046197,0.175739904
31159,11.81975583,0.171512949
31053,26.46761685,0.185225041
31109,147.3481544,0.143149842
31067,9.755030082,0.209425531
31095,4.859891866,0.238812155
31121,5.964557323,0.207436399
31137,6.416270309,0.205997102
31081,6.688373811,0.200021222
31089,1.618965518,0.220355731
31179,8.460190733,0.154964429
31131,9.936014195,0.196165933
31033,3.058860456,0.209953508
31157,18.72040575,0.197955339
31047,9.142751088,0.163382969
31001,21.37493958,0.184204622
31019,19.85057491,0.154660171
31055,665.376516,0.132557555
31177,20.50767414,0.183395648
31139,4.925669071,0.193469053
31093,4.345824635,0.213137558
31107,2.847708307,0.249136185
31099,5.003281232,0.198713153
31127,6.675774493,0.200197936
31147,5.486189206,0.240980691
31035,4.110730294,0.202656173
31021,5.231165912,0.240779298
31027,4.344766084,0.213484487
31167,5.247987458,0.196581197
31051,4.494964568,0.208697202
31023,5.479440619,0.203367566
31173,6.616137415,0.123764567
31059,3.727258419,0.234214787
31143,4.575289021,0.229146692
31123,1.233315347,0.220955721
31169,3.382852143,0.245976555
31105,1.395913714,0.258505379
31031,0.350958209,0.222996516
31003,2.833968301,0.239351558
31097,5.424238771,0.180253452
31065,2.483889428,0.250215889
31011,3.024189741,0.226976744
53005,45.48856279,0.151826285
53017,8.992074759,0.174294831
53033,400.9705558,0.13214363
53049,9.589287584,0.323861691
53065,7.081355525,0.240688913
53011,297.0503878,0.157375434
53029,158.5559659,0.251442125
53041,13.05147067,0.210218765
53021,29.60639796,0.096942572
53009,16.90665216,0.306741311
53007,10.2261629,0.199327272
53053,210.1317099,0.138870343
53071,18.64345304,0.187201406
53039,4.619022109,0.239243291
53061,151.9058566,0.138127406
53001,4.133161787,0.114561599
53047,3.067622619,0.227536232
53067,150.2354022,0.176982415
53025,13.74814305,0.138875158
53037,7.355241595,0.169442564
53035,260.0220347,0.18309435
53059,2.761892376,0.227790243
53055,35.85398921,0.344315754
53027,15.12389253,0.222148769
53031,6.990646723,0.380273574
53045,25.48952424,0.23110631
53051,3.640790205,0.26880597
53075,8.526637993,0.10865124
53057,28.53485315,0.214006671
53077,23.05509389,0.1393366
53015,36.74242988,0.189608771
53073,40.54507768,0.17782519
53003,13.46658415,0.239657184
53063,117.2649416,0.164838506
53043,1.800775104,0.257032543
53019,1.231377225,0.297075209
40031,43.14420003,0.131332145
40063,6.332621019,0.184450763
40125,35.25576963,0.163777637
40131,51.68320309,0.164633122
40115,24.13485199,0.182010302
40127,2.933570333,0.22800851
40011,3.589726489,0.199587534
40091,10.27145878,0.253431166
40111,20.18026434,0.184636339
40039,10.99100386,0.142095852
40123,20.26549957,0.169945628
40005,5.516326745,0.186567692
40013,18.84741626,0.173514792
40023,6.856420011,0.208673613
40117,10.09644807,0.196078431
40133,14.20199103,0.183531409
40113,7.682090897,0.203731588
40137,18.5563761,0.203631526
40021,23.42790118,0.172005098
40049,12.17116461,0.179224323
40135,21.2429774,0.186057166
40037,28.57885714,0.179618687
40151,2.581425742,0.171537926
40153,6.342816809,0.159642526
40015,8.063543787,0.155247922
40065,11.90114211,0.153383883
40051,19.14916606,0.164261081
40041,19.69802117,0.250946806
40145,52.93264708,0.166405295
40107,6.945443005,0.180017683
40081,13.37701544,0.186879857
40095,13.83327939,0.219121683
40067,2.660217753,0.206373008
40033,3.320625472,0.200796668
40073,6.474161281,0.162211982
40139,4.030895256,0.115325258
40001,13.04057254,0.156024004
40085,7.359686437,0.184622967
40009,9.572120745,0.146197787
40083,25.5491178,0.162962963
40099,12.62515998,0.201251528
40075,3.187395873,0.203290247
40027,204.5248224,0.138566957
40071,17.85558512,0.191805905
40109,428.1076804,0.138107224
40047,22.89266847,0.161810341
40079,11.55359977,0.178703511
40103,5.68419902,0.211272761
40077,4.999744448,0.211880559
40121,12.26611068,0.201060014
40089,6.25427659,0.180104474
40019,22.22369602,0.168270633
40105,6.197465289,0.192381974
40101,30.49682489,0.169771508
40061,7.134982235,0.204447136
40143,440.4384437,0.144730807
40069,6.029186429,0.186813187
40017,65.73933704,0.132623207
40087,27.72098064,0.152913786
40119,45.21963249,0.124744326
40147,47.7459615,0.194852731
40035,7.144379935,0.195519637
40097,22.0620211,0.185403329
40149,4.179974182,0.185880414
40093,3.136628865,0.201902069
40055,3.293879837,0.180112912
40141,3.057550984,0.203187823
40029,3.897306044,0.208357075
45021,54.63661069,0.169091491
45035,109.032904,0.143979074
45059,36.06334023,0.183765936
45009,12.99243322,0.228573575
45055,34.1080223,0.185127429
45017,13.8904414,0.238209885
45029,13.85074876,0.202217502
45043,28.10617761,0.290669064
45053,16.56846295,0.203054495
45085,59.7183629,0.168463637
45001,18.32302193,0.222606405
45015,71.86606307,0.140084238
45025,20.72939966,0.187742651
45087,20.39878324,0.204698972
45049,12.72968307,0.187712207
45073,45.05046567,0.235420589
45045,255.0116611,0.160150549
45065,9.340301377,0.366813602
45041,65.77641572,0.173274478
45091,156.4765753,0.144408325
45031,42.88524011,0.191177172
45013,102.1903318,0.27173367
45047,57.70983453,0.185900301
45005,7.528019893,0.210042257
45037,19.52577895,0.195164749
45033,26.86953455,0.170730845
45089,12.77861152,0.214614963
45027,17.27978186,0.24215765
45039,11.39644559,0.225424699
45061,15.51864451,0.198778053
45071,22.49604382,0.198775218
45075,28.8150488,0.202847271
45083,154.4847431,0.161485646
45019,153.9823919,0.168651663
45079,208.0826925,0.132080731
45081,15.76846578,0.202068417
45011,14.26057975,0.186595435
45057,66.768477,0.213371385
45077,98.95179365,0.165827042
45069,21.2148533,0.183321459
45067,22.79591747,0.203666267
45003,60.31514873,0.198381574
45007,104.0646502,0.179978795
45023,21.26546419,0.18659813
45051,118.3997484,0.248584175
45063,149.769454,0.162492304
9011,155.8289855,0.171
9005,77.71128829,0.197
9015,88.19187359,0.148
9013,142.1101695,0.148
9009,546.2547771,0.163
9007,170.1694561,0.188
9003,468.36149,0.162
9001,582.2473782,0.148
4012,1.415661805,0.416656594
4001,2.272265989,0.158982825
4023,14.86080942,0.185071746
4017,4.137022585,0.191689938
4011,1.996097329,0.135850241
4013,185.1236913,0.156183067
4005,3.002451392,0.133042507
4007,4.288150172,0.295620506
4003,7.782772766,0.232843079
4019,43.80691398,0.206326221
4025,11.21994799,0.327111469
4027,14.33089687,0.197481
4021,30.58680177,0.212570423
4015,6.117866084,0.314348544
4009,3.205272157,0.141070548
25003,52.73283115,0.238230302
25005,379.68848,0.16944172
25021,682.1027072,0.169372613
25011,37.91915417,0.229402489
25013,284.0099296,0.173712377
25019,97.67587554,0.150656094
25017,745.0505938,0.154751634
25007,67.30528941,0.25134676
25009,589.7010023,0.17422363
25023,292.2652141,0.185390877
25027,211.1321352,0.159368345
25001,201.3460397,0.312740453
25015,115.1180266,0.179323049
25025,4931.182418,0.123321639
5033,38.32940315,0.173040137
5045,71.80132579,0.131902213
5051,52.65578323,0.238816847
5081,8.23924314,0.211125894
5085,35.56896748,0.139517916
5075,10.57623478,0.188212811
5047,10.6484365,0.19902941
5087,7.622450337,0.197530117
5135,10.99902847,0.255817992
5069,28.3366491,0.177034702
5083,11.17669408,0.202764105
5005,27.39591004,0.30710099
5137,7.824998328,0.273190869
5091,25.75288083,0.167656518
5099,5.16946174,0.20813282
5123,13.88173125,0.170044167
5125,65.23166683,0.178740987
5009,23.96865809,0.206974068
5057,10.4529091,0.181174946
5149,8.244197111,0.176342812
5111,11.60931014,0.181929022
5017,5.700488791,0.210165508
5139,14.27620045,0.183790013
5141,8.423844034,0.257993036
5011,6.233796376,0.188715031
5035,28.85786098,0.142993604
5145,28.46545269,0.165117672
5037,10.44400519,0.183028286
5027,11.47266675,0.171535088
5133,10.51943487,0.14476924
5039,3.745920965,0.243943836
5059,20.50084361,0.190685147
5079,8.763996548,0.151128633
5119,190.8284541,0.156985907
5001,6.373275341,0.19815722
5003,7.820236019,0.211564697
5067,10.09190907,0.179242469
5131,90.60610928,0.163697113
5043,8.00885797,0.175900836
5109,6.394387943,0.200609696
5019,9.373397564,0.161436232
5095,4.227273486,0.231843575
5113,8.608032944,0.229115703
5053,10.95234413,0.182071269
5055,30.48423592,0.162774936
5121,10.93590148,0.194357704
5023,16.11196144,0.26932416
5041,5.415655552,0.189331462
5071,14.53396068,0.168511399
5107,8.790982298,0.195884376
5093,16.89772213,0.148714419
5021,8.759096007,0.216937036
5127,4.227632989,0.207359219
5115,29.46302767,0.160497917
5089,10.15388766,0.283693844
5143,99.6999222,0.118894032
5031,60.2811405,0.135623236
5063,18.98263976,0.175344705
5029,14.11748719,0.193239981
5007,124.1862527,0.133505662
5061,8.28448827,0.180979196
5065,8.979687887,0.257107085
5103,11.81372574,0.207047291
5015,17.09561367,0.235835368
5025,4.866425283,0.211655629
5101,3.389879153,0.271306032
5117,4.735249201,0.233618921
5097,4.088101793,0.26833294
5049,7.515875246,0.260559881
5105,6.895357561,0.204032741
5129,4.52096815,0.254215636
5073,4.455636563,0.244885012
5077,5.329956604,0.20190853
5147,4.075713058,0.238679847
17107,17.48182517,0.189641007
17119,138.8211787,0.174481322
17141,26.22969227,0.188528389
17029,35.51251013,0.177641687
17031,2130.428272,0.149202122
17037,61.18153248,0.130529167
17033,16.18779636,0.193316911
17179,77.17092147,0.1906107
17113,55.70773597,0.137298486
17109,17.83669009,0.186067861
17161,123.9740252,0.194958076
17183,31.82412981,0.196970514
17043,1072.356619,0.161143293
17087,14.73871695,0.194377631
17097,587.1000617,0.146258903
17105,13.24169624,0.192257236
17093,158.2337774,0.106856857
17099,36.92307543,0.189220246
17103,18.12480925,0.201575357
17135,15.40027429,0.204398402
17027,28.33164374,0.174287805
17051,11.4536936,0.180574937
17085,13.78238037,0.286530871
17017,13.14535197,0.171967201
17061,8.478020491,0.200967715
17197,317.4661373,0.135389747
17111,196.2505471,0.152124508
17083,22.03381772,0.194813644
17041,18.28179254,0.18164775
17057,14.71938767,0.207212568
17165,23.73112282,0.20570419
17089,381.0330046,0.143641242
17149,6.707703463,0.215352247
17077,33.97382786,0.160725749
17185,19.29219559,0.210966379
17007,73.27298429,0.158930609
17091,61.01210307,0.169798158
17143,111.5368298,0.174783871
17177,30.5671534,0.230579642
17039,14.81038718,0.194716495
17095,26.82996749,0.21670203
17139,16.29731842,0.1851036
17073,23.07785507,0.206201047
17157,19.52308114,0.202592494
17121,25.30762828,0.195728217
17117,20.03095708,0.205723434
17159,16.88642464,0.203971918
17193,10.67868073,0.232050173
17005,16.88150837,0.181704036
17075,9.356803258,0.216158334
17127,22.59712257,0.210021171
17195,30.92387236,0.210166266
17081,24.56266713,0.193936944
17167,86.52554416,0.182305275
17025,10.93579653,0.203175559
17055,33.84698969,0.204401767
17001,29.15869329,0.198983706
17053,10.75288837,0.18800828
17137,22.22569953,0.203037667
17145,18.09947745,0.196170192
17015,13.00552045,0.239129051
17147,14.66493462,0.201007436
17191,8.732343045,0.217213875
17201,212.5532849,0.177488373
17063,47.18794282,0.14455928
17187,11.98467143,0.200261391
17011,14.71242006,0.221971543
17023,11.83794038,0.19388217
17079,7.203568179,0.201033703
17133,33.91556756,0.180413698
17199,58.38202913,0.190910174
17067,8.360457745,0.234769772
17115,68.61107007,0.200338514
17021,18.38000503,0.192573225
17035,11.64312579,0.198985937
17125,8.978937228,0.225040104
17049,27.91403883,0.178423117
17131,10.67008313,0.214294815
17019,79.69559399,0.131012809
17173,10.56206736,0.227251072
17203,27.38953747,0.182971533
17101,15.78989646,0.179636411
17181,15.77643539,0.216021811
17045,10.44237808,0.229888467
17189,9.425981309,0.204898968
17163,147.584049,0.161076407
17169,6.043720884,0.227134367
17065,7.086497902,0.216983492
17153,9.871691563,0.221387283
17003,8.008882593,0.24164917
17071,6.243059009,0.258574785
17129,15.064032,0.193005287
17047,10.83392634,0.215532426
17175,7.23310509,0.222242817
17123,11.39873223,0.234002723
17155,12.66208494,0.232434351
17059,5.824131694,0.250809061
17171,7.566481912,0.197291288
8043,12.32076469,0.222871623
8051,2.005955139,0.13858519
8093,3.039930168,0.220101196
8049,3.249225814,0.186764238
8087,8.697014642,0.157241995
8003,8.750069431,0.147924298
8101,27.08344625,0.190146582
8001,169.6572847,0.106571102
8037,12.72557069,0.126871029
8105,4.88680397,0.217918725
8041,132.5422956,0.131895318
8123,31.65702812,0.124144723
8045,8.06611914,0.134552411
8077,18.00821368,0.197635287
8099,2.81954986,0.181568203
8055,1.652909561,0.319201995
8075,4.512397666,0.182299406
8013,172.631984,0.14861576
8067,12.64352209,0.18940633
8071,1.177787001,0.252077753
8083,4.892916293,0.232194669
8063,1.266035217,0.195876289
8081,1.081963893,0.160361038
8085,7.353676519,0.243597254
8007,3.807369537,0.27143392
8015,7.412379705,0.255134525
8014,853.2159734,0.145685176
8035,164.0054302,0.127475572
8005,314.3069923,0.135572263
8097,6.893190358,0.20641779
8019,9.167322618,0.211730892
8119,17.08084576,0.236086939
8065,7.489083573,0.137917115
8117,19.379683,0.139172436
8039,5.443408048,0.173088732
8107,4.051710917,0.167411883
8029,10.4967157,0.268709336
8073,0.847798911,0.176594995
8113,2.419213579,0.160594796
8069,52.70387668,0.161228605
8031,1787.448139,0.119136465
8089,5.682514121,0.2057045
8125,1.628579901,0.176635608
8059,291.0363845,0.168185546
8047,14.91864409,0.18239752
8021,2.23165396,0.202171873
8103,0.782552557,0.162427214
8109,0.776023197,0.25
8091,3.477295718,0.289754098
8011,1.415706175,0.19582153
8121,0.737742424,0.209881669
8095,2.546950294,0.215530554
8061,0.313402257,0.244475138
24009,150.844268,0.154414855
24023,16.92403631,0.227722429
24031,809.5979929,0.158372604
24037,109.3425374,0.132944268
24047,34.68171383,0.278147336
24039,27.27038113,0.172049563
24001,61.52744148,0.20852176
24043,127.912807,0.173777019
24021,157.2928509,0.14664164
24033,749.2663771,0.137114292
24017,132.9170759,0.128615241
24027,506.8690387,0.141591136
24019,20.99897781,0.220234253
24029,24.77131987,0.267736223
24035,48.87030974,0.191755554
24045,104.1044349,0.161370043
24005,532.09175,0.17215764
24013,147.5635837,0.172422569
24041,47.16309789,0.290142046
24011,39.45186697,0.16742761
24025,223.4531624,0.164363296
24003,505.8057282,0.150323831
24510,2619.326992,0.143876453
24015,106.4497522,0.161389842
29067,5.488628685,0.245594333
29083,11.5776368,0.222419686
29133,11.32009138,0.183249821
29029,23.30417095,0.285974968
29189,741.4297084,0.181195951
29121,7.233951393,0.219263642
29009,16.86126599,0.211623664
29027,20.19586972,0.170456342
29073,10.86913826,0.225834798
29209,23.50114283,0.311273406
29043,60.87262719,0.160410171
29165,96.67638107,0.151330891
29186,14.083643,0.199480463
29117,10.44115958,0.197759142
29225,25.42681032,0.152677224
29091,16.53598757,0.197413771
29159,24.19858581,0.169179229
29173,8.270754195,0.22199691
29003,16.06487549,0.19109861
29071,43.45964612,0.178700723
29175,19.57504379,0.167361477
29223,5.476233921,0.242573355
29055,11.97382666,0.19679882
29217,9.098724414,0.20168451
29139,8.087844787,0.201821075
29143,9.103536607,0.193024105
29045,5.012903946,0.210003013
29115,7.387568545,0.209347368
29510,1760.795403,0.140480493
29107,19.95059914,0.184579935
29213,33.22732294,0.216204645
29065,7.380254825,0.217813541
29077,170.311132,0.165188533
29097,73.93625518,0.155347398
29059,12.14540903,0.203562639
29123,9.802247206,0.19135118
29167,18.95711552,0.180529121
29201,34.51006781,0.18387029
29161,25.57717046,0.168115423
29063,10.01492536,0.185789378
29021,78.91130951,0.165220058
29147,9.34976937,0.167459383
29219,31.35153838,0.175101329
29229,10.2840616,0.194358918
29215,8.022969653,0.212681692
29019,102.6649352,0.127208558
29177,15.58957556,0.185311515
29207,13.36282417,0.200509119
29079,8.652533271,0.217927799
29113,35.94545018,0.137433281
29151,8.361492954,0.174839925
29181,6.52913602,0.199025944
29001,17.18431774,0.151114096
29039,10.99233365,0.229294424
29101,25.05179945,0.128550268
29185,5.108587786,0.259829796
29013,7.27711002,0.194413268
29081,4.343958101,0.219404631
29099,131.7996222,0.155303682
29195,11.75474612,0.173146997
29183,264.3381741,0.157706818
29169,37.79865697,0.090585619
29031,53.82995419,0.171411088
29095,449.6124952,0.150232287
29105,18.12727306,0.177650748
29149,4.212995805,0.230430755
29069,19.96041187,0.18515114
29119,16.67756485,0.152268143
29145,36.14916388,0.183300084
29049,19.32655566,0.182092935
29053,11.61206604,0.186224639
29017,6.574949811,0.208435786
29127,24.83339104,0.180447965
29141,13.21663933,0.235453766
29155,11.77717923,0.17539267
29157,15.12178162,0.192835285
29015,9.956566799,0.311159241
29047,239.5560188,0.143840618
29131,15.91999387,0.193553605
29135,14.27351693,0.161044332
29221,11.91543809,0.170316819
29023,23.2769473,0.187848582
29037,59.3008307,0.170232696
29051,74.84285666,0.170354555
29109,23.93308827,0.179184973
29163,9.922353742,0.183777942
29007,13.84165003,0.182940022
29011,7.534004911,0.201752879
29187,56.85681523,0.164736472
29093,6.672877202,0.21827145
29153,4.373427842,0.291393826
29033,4.680612461,0.219305474
29085,7.762220079,0.334300218
29211,3.55806679,0.204769051
29057,5.775213092,0.237579281
29203,2.703341685,0.225306006
29111,7.590373615,0.182316587
29061,5.72773871,0.206593928
29125,6.143851555,0.216184148
29025,7.924024039,0.19802542
29089,8.322710162,0.189364845
29137,4.995772174,0.235973216
29041,3.73563452,0.238834165
29171,3.479849504,0.240914921
29205,4.694686927,0.215175352
29075,4.844748942,0.188575138
29197,5.053989302,0.19086622
29199,4.14985901,0.184651261
29035,3.945651603,0.205576923
19035,7.811141921,0.241056876
19049,65.18477474,0.121696146
19081,7.2819899,0.232180925
19113,122.8846835,0.162317192
19121,11.37713143,0.167109875
19183,15.2848964,0.195736949
19191,11.24595769,0.213317384
19063,9.029349122,0.222186735
19165,7.688771792,0.226105442
19079,10.07003832,0.20077143
19089,7.730791918,0.200211305
19069,6.651712665,0.21059986
19085,8.038583058,0.195034975
19039,8.735810347,0.18823047
19021,13.88108825,0.160960384
19067,12.06503785,0.222023277
19075,9.496749611,0.205176051
19101,13.86233589,0.255920843
19189,10.2893922,0.212299916
19175,11.02552351,0.203261407
19137,9.394264037,0.214347952
19181,35.35884112,0.163345929
19123,14.96249357,0.184677783
19037,9.186635566,0.214886354
19157,12.30970497,0.207406613
19163,144.250456,0.16661037
19179,31.42018139,0.179986454
19031,12.29319959,0.201621622
19127,27.05778065,0.180970428
19197,8.596183978,0.214727245
19047,8.933754182,0.17507113
19145,10.97884769,0.230354442
19017,21.99465323,0.193717487
19029,8.988884434,0.229709152
19023,9.53021318,0.224206488
19099,19.94425606,0.190768417
19131,8.70550334,0.210217597
19057,34.99955486,0.205319969
19169,66.4208018,0.123390133
19083,11.45272548,0.22625748
19091,8.521099224,0.20908428
19007,9.222665583,0.234085742
19071,4.937989892,0.225151515
19147,6.108227806,0.215254614
19149,11.50668501,0.186155103
19013,88.57228763,0.169326613
19015,18.00493749,0.190909431
19061,62.28306439,0.181374969
19065,10.31929647,0.218195797
19005,8.256554925,0.225682594
19095,10.96856586,0.18919892
19027,14.07655896,0.206416494
19011,13.77146461,0.18648374
19033,29.00350094,0.223353196
19019,13.8750463,0.17858185
19073,5.932848973,0.226038339
19055,11.67954407,0.200526195
19139,37.22216645,0.172479186
19041,11.06344373,0.212881563
19097,11.59925269,0.21005902
19155,37.76498675,0.177364252
19153,321.6703065,0.132840519
19129,12.70934916,0.194227715
19133,4.842684987,0.237404319
19117,7.68216982,0.216263176
19167,18.04202923,0.156819006
19109,5.885307042,0.242816673
19141,9.569612215,0.213454622
19187,19.91707723,0.190557267
19195,7.16573233,0.21208865
19103,94.8602164,0.123667098
19125,22.64802736,0.186606021
19001,5.082899558,0.221822062
19087,18.13809392,0.19080168
19111,24.07798687,0.211448494
19171,9.17518576,0.197805405
19193,46.67671317,0.151322931
19043,8.316747886,0.239631607
19045,25.29525152,0.195936202
19059,16.95124566,0.269389369
19105,13.83395093,0.204320868
19107,6.6841142,0.216237782
19077,6.92469233,0.228697863
19151,4.729657676,0.231943463
19143,5.99567508,0.218866096
19173,4.259993925,0.229085356
19161,6.568103218,0.233251884
19025,6.711527879,0.22726815
19093,6.267217245,0.217049836
19053,5.537044083,0.207591623
19119,7.858070604,0.184986595
19115,10.02696139,0.190489381
19051,6.975190081,0.175321111
19135,6.737968113,0.199075297
19177,5.67760289,0.221898418
19185,4.768136332,0.215933559
19009,4.950438503,0.243481325
46019,1.748794161,0.199531433
46065,8.583131022,0.175924363
46027,13.86919253,0.122068551
46103,15.17433998,0.19058649
46013,8.563248563,0.172932331
46081,12.46248366,0.228784292
46099,93.74141573,0.13320014
46109,3.50036942,0.200369974
46051,4.255055277,0.225896045
46093,3.315958253,0.158575401
46035,17.66502652,0.195860272
46127,13.92363532,0.181293852
46005,5.858362443,0.17111378
46083,43.60351956,0.135225145
46011,16.52084716,0.128338667
46079,7.443435706,0.228697931
46029,15.28139674,0.184527383
46135,16.94108089,0.200102947
46087,3.808598572,0.182426484
46102,2.52263971,0.071391998
46047,1.541012296,0.301334481
46033,2.064355083,0.326081731
46057,4.434376314,0.148046052
46067,3.52749991,0.212361971
46015,2.394712765,0.189694656
46125,5.425675365,0.202354842
46121,2.592805061,0.073251823
46077,2.320226108,0.22953668
46041,0.829732818,0.099942781
46101,4.703429318,0.194093493
46023,3.154774486,0.181091452
46009,4.65205446,0.212866333
46129,2.763829711,0.235990974
46115,1.628681975,0.229268293
46123,1.346423246,0.233434002
46085,0.842507388,0.174065106
46037,1.933994928,0.258206492
23019,16.55252585,0.191304119
23027,20.06938799,0.232826548
23023,47.64143611,0.231942893
23001,86.5022532,0.181684843
23021,1.485492373,0.267245997
23029,4.238932599,0.250562882
23031,80.07036251,0.208426704
23011,50.6353719,0.201649759
23025,4.771547029,0.217250054
23005,123.440722,0.190734661
23007,6.538585005,0.225349722
23017,10.26964563,0.226919415
23009,12.25196707,0.252261995
23015,26.42904149,0.281945075
23003,3.804653968,0.248006677
23013,38.42431029,0.262437198
39065,25.21739531,0.159335288
39035,1065.825344,0.184023245
39039,35.73611981,0.190809582
39069,25.48350542,0.186711492
39153,497.3064233,0.183916851
39093,244.8634102,0.18724677
39113,447.3179804,0.179298203
39155,122.8017944,0.21683724
39071,29.99664654,0.18534851
39111,11.30673102,0.233206307
39115,12.65313524,0.215615268
39117,33.17808699,0.17767921
39161,27.24784787,0.191870312
39171,33.90138736,0.191057568
39013,47.47088927,0.209392905
39019,25.88552486,0.215339123
39149,45.39662273,0.169586763
39005,47.48821456,0.194214009
39173,82.39418523,0.156517728
39027,39.38263839,0.17605064
39067,13.63301903,0.217673455
39091,38.21422083,0.184820055
39099,207.8924183,0.215850437
39137,27.49421094,0.176825904
39143,55.29898708,0.191165982
39169,81.1812101,0.180307956
39037,33.43054631,0.197675091
39103,166.7510451,0.185230854
39157,63.06940825,0.193684662
39119,49.65042995,0.178035431
39009,47.46966658,0.140173295
39097,36.23741439,0.157197272
39107,34.73568725,0.182044712
39109,102.6195087,0.186908757
39159,55.54682748,0.12696112
39021,34.81813768,0.18467142
39041,180.99304,0.14164896
39105,19.82182822,0.203998919
39165,229.851896,0.147718551
39141,42.975107,0.171553491
39059,28.12642901,0.197206181
39049,941.2053134,0.122043194
39063,54.27906856,0.176081153
39083,45.77784509,0.183128458
39055,90.34888307,0.210053126
39089,100.3926851,0.165450135
39047,27.49173012,0.175797983
39015,34.23743282,0.182492616
39123,59.10440259,0.258683911
39031,24.93834144,0.193929957
39043,113.7231466,0.224044222
39087,49.19183745,0.189054128
39125,17.35931618,0.190683824
39167,36.09569389,0.212692623
39151,249.6520366,0.196343207
39127,33.174191,0.170536067
39045,120.7789428,0.161426737
39131,23.58775256,0.177260982
39017,320.9661009,0.149657232
39129,44.66357903,0.159620805
39085,389.9978383,0.203280564
39029,73.65905053,0.209601586
39133,124.1043833,0.170140177
39025,175.248129,0.171471032
39073,25.59029112,0.191601611
39147,38.52568798,0.183364805
39007,53.18769337,0.193180071
39023,130.8658625,0.197056725
39095,480.3714986,0.165513899
39033,40.33381605,0.208682407
39139,96.5669412,0.195121951
39051,40.54030242,0.184018917
39011,44.65470783,0.18573244
39079,29.92784549,0.173650677
39135,37.14671313,0.19444851
39163,11.91584325,0.18171875
39003,97.0850109,0.182573304
39061,777.873388,0.157040215
39057,155.9605152,0.175937227
39077,45.69358821,0.175581773
39145,46.40921664,0.180991501
39001,18.10539809,0.182337738
39075,40.30040533,0.138824807
39175,20.76817964,0.199579832
39053,23.96052428,0.187705367
39081,61.38634303,0.21747793
39101,62.50478098,0.178293269
39121,13.48022957,0.278880227
18137,25.00235509,0.183198206
18069,36.56086033,0.177479615
18109,67.7486336,0.172731832
18015,20.93764767,0.199084105
18111,13.25543363,0.196241417
18121,13.86772921,0.199293986
18151,41.28835944,0.206597172
18157,143.0867635,0.116678747
18079,28.20007081,0.165115353
18105,131.2519835,0.138442929
18093,38.482486,0.200910808
18149,28.95538979,0.192148142
18139,15.84731064,0.185693814
18119,21.24763161,0.198105688
18135,20.89283733,0.201158805
18155,16.87220669,0.178995902
18013,18.88387258,0.248610573
18037,38.72074156,0.17540281
18057,333.6904201,0.128529452
18071,34.9178531,0.157787062
18129,23.21629787,0.192640178
18065,47.88136911,0.191249233
18077,35.28035261,0.181154392
18169,28.445874,0.21655208
18177,63.61457347,0.190664402
18073,22.67071773,0.180343801
18005,77.5779062,0.161134155
18117,18.80790519,0.197584298
18023,31.65619082,0.160776161
18145,42.1803748,0.175453395
18147,19.06494423,0.197355138
18091,71.96142127,0.184059286
18097,937.1788811,0.12414424
18127,159.4900179,0.170743677
18027,29.51977976,0.155332534
18075,20.60260236,0.178887206
18025,13.17367834,0.201842705
18133,29.41232507,0.168154843
18047,22.51685206,0.188758721
18113,43.96020273,0.16514264
18181,18.767988,0.20163576
18049,21.3279736,0.196493969
18001,40.7227064,0.157771261
18103,36.84806168,0.177988488
18107,29.00272007,0.182098603
18125,13.87892482,0.201583286
18061,31.52255943,0.183351826
18101,11.13913149,0.19926613
18131,11.13502485,0.207927122
18153,17.70546176,0.180817837
18087,40.43912897,0.139569377
18035,109.2677172,0.172086249
18041,42.03737136,0.203521669
18067,110.0403931,0.194372729
18159,22.77785515,0.212085694
18033,45.96662275,0.16495608
18085,55.94143612,0.171226303
18141,228.802379,0.161207111
18011,64.67144926,0.138245138
18031,27.40091306,0.169480642
18045,16.00753839,0.198179612
18183,39.10309113,0.179573447
18053,62.11986954,0.190521896
18167,99.96834702,0.166581887
18003,225.799789,0.148959247
18039,171.1059282,0.147633859
18173,63.11373724,0.17837914
18081,194.2353547,0.1508565
18083,26.75924532,0.181680399
18143,48.89957665,0.169837625
18123,19.16939578,0.185915493
18163,293.8409651,0.173199058
18165,22.9653738,0.197500486
18051,25.54887525,0.173685167
18021,28.38164477,0.180787544
18099,39.62188857,0.181317131
18029,63.70273348,0.180973242
18089,382.3349777,0.169194213
18175,21.07002837,0.17388526
18043,207.9107684,0.166975236
18055,21.80168839,0.196713859
18059,100.5122229,0.165422481
18095,111.0636871,0.184097878
18179,29.40455215,0.181724591
18063,165.2672022,0.143341839
18009,28.26420865,0.213973078
18017,35.26667092,0.181594865
18019,124.29369,0.159695441
18115,26.2732933,0.227632687
18171,8.896165784,0.204647854
18007,8.291199455,0.171848113
18161,16.58271192,0.197940181
16083,18.06074298,0.159191107
16005,29.31368073,0.146083039
16065,43.25054927,0.05422108
16069,19.02813419,0.20277494
16015,1.544689697,0.273049645
16041,8.221214213,0.141397774
16051,10.80751928,0.119132405
16057,14.20691855,0.141740253
16085,1.216709574,0.260132834
16053,15.56096324,0.132084811
16029,1.511175682,0.17461221
16059,0.675725771,0.305176087
16077,2.112038226,0.165820213
16087,2.756842222,0.256715565
16043,2.731681956,0.174273549
16039,3.575904226,0.138705739
16067,10.94763647,0.156426652
16031,3.700165338,0.14000486
16049,0.753249333,0.281319877
16075,23.930746,0.188073575
16021,3.6533698,0.234220785
16027,148.1153254,0.14136615
16073,0.598632984,0.181032312
16001,180.5106711,0.151054325
16019,25.23304486,0.133708173
16009,4.706146118,0.229356836
16011,8.754033378,0.144446992
16045,13.10323609,0.22220479
16047,8.21967183,0.178065509
16079,1.929644628,0.23686209
16017,9.510522213,0.255397745
16055,50.67755713,0.192474455
16081,9.989739898,0.127074198
16013,3.537265996,0.208419145
16063,1.644416613,0.146674469
16035,1.357444538,0.282538955
16007,2.346468871,0.210518053
16071,1.470795089,0.196890057
